Id,CaseDate,CityName,CityId,Summary,CaseTitle,Type
152295189304578073,2025-02-22T16:00:00Z,新北市,2,"「恭喜你中獎了！」
晚上，我正悠哉地滑著 Twitter，突然收到一則 私訊，來自一個推特主，暱稱是 「(O女)」。她的貼文上寫著 抽獎活動，說只要 追蹤指定帳號，就有機會獲得大獎！
我心想：「這麼好康？！」於是我立刻照做，點擊了她提供的 另一個帳號『領獎關注本號』，並私訊她：「我中獎了嗎？」
對方很快回覆，說我真的 中了大獎，但要先 購買點數卡，才能完成「領獎驗證」。我心想：「嗯？買點數卡？」但轉念一想，可能是某種驗證機制吧，反正錢也不是很多，就照著對方的指示買了一張 點數卡，拍照給她。
沒想到，對方竟然說：「系統顯示未完成，請再購買一張點數卡，確保驗證成功。」
這時，我的警覺心終於拉起來了，心裡開始覺得怪怪的。難道這是一場 騙局？
於是我試著詢問：「那不然我先拿一半獎品？」對方卻 已讀不回，還催促我趕快買新的點數卡。這下我才意識到—— 完了！我被騙了！
趕緊衝到 派出所報案，希望能追回損失，也提醒更多人 別掉入這種陷阱！",假中獎通知詐騙,假中獎
152603636579438608,2025-02-23T16:00:00Z,臺南市,5,我於【Instagram廣告】得知抽獎活動，對方使用之帳號為【IG帳號或ID:ge897646】，告知【公益捐款500元等抽獎辦法】可參與【夾金蛋】抽獎，並提供【請輸入抽獎網站網址:https://luckyk.top】，我輸入資料抽獎後，顯示中獎【110000元】，對方提供【光速付達及LINE ID:不詳、LINE帳號連結：https://line.me/ti/p/HRv-YBfdX7】請我加入LINE領獎。惟對方以【核實資料】名義，以【LINE通話/視訊】要求我開啟網路銀行轉帳以核實資料，再要求我以line iPASS MONEY需要做【第三方認證】，要求我轉帳至金融帳戶，我依指示網路轉帳2筆、line iPASS MONEY轉帳1筆，總損失新臺幣【74045】元，事後發覺遭詐騙。,假中獎通知詐騙,假中獎
125086048400183300,2024-12-09T16:00:00Z,基隆市,15,"我在113年12月6日11時40分在IG上看到(teaxtime_fx)帳號傳訊息通知我有免費活動可以參加抽獎，後來他跟我講我抽中手機，我就問怎麼領獎，他叫我選手機型號及顏色，並給超商收貨門市、姓名及電話，我給了7-11門市收件，對方說會幫我記錄。後來他又跟我說有別的抽獎活動，叫我捐新台幣200元給華山基金會，捐完後加入它們的會員抽獎，後來我捐給華山基金會新台幣200元(此帳戶經電話聯繫為真實捐款帳號)，他給我一個網址(http://www.twlucky888.top)叫我進去參加抽獎，然後我就進去點選抽獎，抽完獎後我就截圖抽獎畫面給IG(teaxtime_fx)帳號看，他就跟我說我運氣很好，抽到新台幣99999元，抽獎頁面中跳出快捷融通網的交友連結，我加入後聯繫line客服""快捷融通網""兌獎，我就傳中獎畫面給line客服""快捷融通網""說我要兌獎，他就叫我傳銀行帳號、名字，說要確認資料，確認後幫我匯過去，後來line客服(快捷融通網)傳一張匯款失敗的照片，他就給我一個網址連接他們專員的line(陳建明)，跟他聯繫處理交易失敗的問題，line(陳建明)專員後他叫我給他名字幫我查詢，我問她說有資料嗎，他就直接打line語音給我，並跟我說我的帳戶金額不足三萬元，我再把這個對話給IG(teaxtime_fx)帳號的這個人看，IG(teaxtime_fx)帳號的人就跟我說存款財力證明沒有超過30000元，金管會防制洗錢條令有明文規定不能用空頭帳戶連結授權第三方避免洗錢的違法行為，我就跟我的姐姐借錢，請他匯新台幣三萬元至我的銀行帳戶，我就問line客服(快捷融通網)好了之後要怎麼做，他叫我配合專員處理，我就問line(陳建明)專員怎麼處理，他就叫我用line分享畫面教我麼操作銀行匯錢，他好友連結就叫我加另位line專員(陳嘉明)，我就傳匯款成功的截圖給line專員(陳嘉明)，他就叫我詢問滯留更新之後的操作，後續line專員(陳嘉明)沒回應，我就詢問line(陳建明)說line專員(陳嘉明)為什麼沒回訊息，他說會再幫我聯繫，後來陳嘉明line通話告知我，我的銀行帳戶卡片須更新，並指示我將卡片寄去，我就依照對方指示於113年12月06日20時34分用ibon操作用賣貨便從7-11寄給對方，寄出當下我就依對方指示把我的提款卡密碼給對方，後來我查詢賣貨便流程，發現於113年12月09日09時19分對方已取貨，後續因為對方一直找理由拖時間，而且後來所有的人都不讀不回，我才在113年12月10日早上打給永豐銀行客服，銀行客服才告訴我，我可能遭到詐騙，而且我的帳戶裡面有金流進出，銀行幫我把卡片停用後，並請我撥打165詐騙專線，後來我打165後就到警局報案。",假中獎通知詐騙,假中獎
150240947878236165,2025-02-15T16:00:00Z,新北市,2,我於Instagram上收到一則用戶私訊，該員向我表示可領取免費贈品，並傳送一個詐騙網站給我，我依照網站上指示操作並點選網址加入line客服，於通話內表示需驗證我帳戶是否正常，我依照指示就轉帳新台幣17998元到對方指定戶頭後，對方就不再回應，才驚覺遭到詐騙，故至所報案。,假中獎通知詐騙,假中獎
158111373203607552,2025-03-10T16:00:00Z,臺中市,4,"某天，我在Instagram廣告上看到一則抽獎活動。廣告內容寫著「限時抽獎，輕鬆贏取大獎！」我點進去看了一下，沒多久就收到中獎通知，對方聲稱我獲得了88,888元獎金，並提供一個LINE帳號讓我聯繫他們領獎。我興奮地加了對方的LINE，對方語氣專業且有條理，向我解釋領獎流程。他說，由於獎金數額較大，我的銀行帳戶需要**開通「第三方認證」**才能收到款項，還說這是「政府規定的審核流程」。聽起來很正式，我當下並未懷疑。接下來，要求我開啟網路銀行，並支付一筆審核費用來完成帳戶驗證。他強調：「這只是臨時性的費用，審核通過後，款項會一併退還。」於是，在他的指示下，我陸續轉帳了30,230元。
但當我完成付款後，對方卻開始找理由拖延，先說「審核還需額外手續費」，接著又稱「系統故障，款項無法入帳」，甚至建議我再支付更多錢來解決問題。我這才意識到事情不對勁，當我要求退款時，對方立刻失聯，這時我才驚覺自己中了詐騙。這次的經歷讓我損失30,230元，也讓我明白，所謂的「中獎通知」很可能是詐騙集團設下的陷阱！真正的抽獎活動不會要求事先支付費用，也不會以「帳戶認證」為理由騙取個資或金錢。希望大家引以為戒，不要輕信來路不明的中獎訊息，以免落入詐騙陷阱！",假中獎通知詐騙,假中獎
124387737485709312,2024-12-07T16:00:00Z,臺中市,4,"我在113年12月1日，透過Instagram看到一則由帳號“foto_fames”發佈的抽獎貼文，並留言參加抽獎。幾天後，我收到訊息說我已中獎，對方要求我註冊會員並匯款200元會費。我依照對方的指示，在12月8日15時23分，匯款至指定帳戶。
接著，我被告知又中了一個99999元的禮金，並要求我加入Line專員以追蹤後續獎金匯款。但後來，對方以匯款失敗為由，讓我加入新的Line專員帳號來解決問題。當對方要求我提供財產證明並匯款三萬元以上時，我突然覺得事情不對勁，便聯絡了165報案專線求證，才發現這是詐騙手法。
我趕緊到派出所報案，並提供了相關資料。透過這次經歷，我深刻體會到，當遇到過於誘人的獎金或要求匯款的情況時，一定要保持警惕。特別是當對方要求提供個人資料或匯款時，我們應該多加思考並查證，不輕易相信任何陌生來源的訊息。希望我的經歷能提醒大家，提高警覺，避免成為詐騙的受害者。",假中獎通知詐騙,假中獎
150483799619145728,2025-02-17T16:00:00Z,臺東縣,19,"最近，我在臉書上看到一場直播抽獎活動，主持人聲稱只要私訊登記，就能參加轉盤抽獎，還貼心地提供了一個網站連結，讓大家輸入資料參加。當時我覺得機會難得，於是就按照指示填寫了基本資訊，沒想到，螢幕上竟然跳出「恭喜中獎 774,571 元」的訊息！



興奮不已的我立刻私訊對方，對方表示需要加入一個LINE帳號來領獎。我加了之後，對方語氣專業，強調獎金已經準備匯入，但因為我帳戶沒有開通「第三方認證」，所以需要先驗證身份，否則無法領取。我當時沒有多想，直接照著指示開啟了網路銀行。



接著，對方開始解釋，說我必須先支付稅金，金額大約是 32,822 元，並且一再強調這筆費用之後會全額退還。我猶豫了一下，但對方態度誠懇，還說這是政府規定的標準流程，甚至還提供了一些「中獎者」成功領獎的截圖，讓我更相信這是真的。於是，我按照對方提供的帳戶，完成了轉帳。



結果，匯款後對方突然變得愛理不理，甚至開始要求額外的「手續費」。這時我才開始覺得不對勁，立刻上網查詢相關資訊，才驚覺這是一場騙局！我試圖要求退款，卻發現對方已讀不回，甚至直接封鎖了我。這時候，我才知道自己被騙了，趕緊去報案，但 32,822 元已經拿不回來了。



這次的經驗讓我學到，網路上的抽獎活動千萬不能輕信，尤其是要先付錢才能領獎的，一定是詐騙！希望我的遭遇能提醒大家，提高警覺，不要掉入這種騙局！",假中獎通知詐騙,假中獎
152230711812689923,2025-02-22T16:00:00Z,臺南市,5,我於【Facebook讀書會貼文】得知投資訊息，在【Facebook】以「單純交友為前提」認識對方劉玥瑤，我自行提供LINE ID:給對方【劉玥瑤(LIN ID不詳)】加好友，對方提供網址【https://www.msdjfd.com/.#/login/register?invitecode=5889】慫恿我於網址上申請帳號並至【APPStore】下載APP【STGT】投資股票，誆稱保證獲利、穩賺不賠，我遂依指示至該網址上申請帳號，並依照對方指示【臨櫃匯款】，惟因【要再提領獲利出金時卻無法出金】，驚覺受騙，計損失新臺幣【300000元】。,假交友(投資詐財)詐騙,假交友
140694261958971425,2025-01-21T16:00:00Z,臺中市,4,"我於113年12月初在網路上認識對方，並開始以LINE聯繫，後對方以家人需要補品為由要求我轉帳新台幣30,000元到指定帳戶，因為我原本的帳戶之前已遭警示無法使用，所以今天原本要以臨櫃無摺存入方式轉帳，但行員發覺我好像是遭到詐騙，所以通報警方到場了解，經警方檢視我和對方的聊天紀錄，確認這件事是詐騙。",假交友(徵婚詐財)詐騙,假交友
170083230488203273,2025-04-12T16:00:00Z,新北市,2,"有一天我在社群軟體上認識了一個看起來很有禮貌的人，加我好友後就熱情地聊了起來，還說想交朋友、互相了解。他給了我一堆通訊軟體帳號和名字，看起來像是真的要交朋友。
後來他說有個網站可以領福利，是某個基金平台，問我要不要一起試試看。我就照著他的指示，註冊帳號、填資料，還用ATM轉帳、寄送金融卡、甚至去超商寄現金。結果對方一直說要再補更多錢，我越聽越不對勁，才醒悟過來我根本是被騙了！最後不只損失了12萬多元，連金融卡都寄出去了，還傻傻用房子抵押借錢，真的太慘了。",假交友(投資詐財)詐騙,假交友
130895883007955005,2024-12-25T16:00:00Z,高雄市,6,我113年08月26日在網路社交群組臉書上認識一名暱稱李Ｏ玲的女子，這名暱稱李Ｏ玲的女子向我誆稱在臺北的某銀行任職，並與暱稱李Ｏ玲的女子互相加LINE後開始聊天，聊天過程中我對這名暱稱李Ｏ玲的女子產生好感，暱稱李Ｏ玲的女子藉由我的好感開始詢問我有無再投資理財，謊稱以幫我理財等語之原因實際上實行詐財之實，我不疑有他，在113年11月03日16時08分以自己郵局之帳號轉帳新台幣5000元到詐騙集團指定之帳戶中，後續暱稱李Ｏ玲的女子用LINE封鎖我後，我驚覺遭到詐騙，故至警察機關報案。,假交友(投資詐財)詐騙,假交友
145045737250492436,2025-02-02T16:00:00Z,高雄市,6,"「虛擬貨幣的陷阱：一場假交友的真詐騙」

我原本只是想在【Instagram】上認識新朋友，沒想到卻踏入了一場精心設計的陷阱。那天，一名看似友善的陌生人主動加我為好友，聊了幾天後，他提出要加我【LINE】，說這樣比較方便聯絡。基於信任，我同意了。

接著，他開始介紹投資虛擬貨幣的「好機會」，說是穩賺不賠的項目，還信誓旦旦地表示自己也賺了不少。或許是被他的話術打動，我按照他的指示下載了【幣託】、【MAX】以及【Bitget Wallet】，並匯款至他提供的帳戶購買虛擬貨幣。

沒過多久，他又慫恿我加入一個名為【Ethereum Pos】的投資網站（網址：https://cnpol.com），聲稱可以參加限時活動，快速翻倍獲利。我當時滿心期待，以為自己找到了一個賺錢的好機會。

然而，當我打開虛擬貨幣錢包檢查時，裡面的資金竟然消失無蹤。我急忙聯繫對方，卻發現他已經封鎖我，完全失去聯繫。此時我才驚覺，自己陷入了精心包裝的詐騙圈套。

這次經歷讓我損失了新台幣【610,500】元，也學到了一個痛苦的教訓：面對網路上的陌生人，尤其涉及金錢投資時，千萬不要輕信。保持警覺，才能避免成為下一個受害者。",假交友(投資詐財)詐騙,假交友
165375872864358456,2025-03-30T16:00:00Z,臺中市,4,我於【臉書】以「交友為前提」認識一名自稱【立委廖偉翔】的人，認識一段時間後，對方稱有在投資虛擬貨幣，惟因【資金不足】問題，需我支付【虛擬貨幣費用】，我信以為陸續至台中南屯店CoinNow的ATM將【82500】存到【所指定的電子錢包】內，事後對方又一直以其他理由要我繼續支付費用，此時才察覺有異，共損失【82500】。,假交友(徵婚詐財)詐騙,假交友
147990875606093826,2025-02-10T16:00:00Z,臺中市,4,我在交友軟體探探上認識了一位叫宇翔的網友。我們很快加了LINE，約好見面。宇翔告訴我需要先加入他經理的LINE，並要求我在見面前購買點數卡。根據他的指示，我在114年2月10日，分別在幾家便利商店購買了多張App Store的點數卡。當天我先後花了1000元、24000元、13000元、22000元、25000元、25000元、17000元、30000元和20000元，總計達到177000元。每次購買後，我都把卡號和密碼傳給宇翔。在這過程中，我漸漸感覺到事情有些不對勁。對方的反應讓我心中升起一絲疑慮，最終我才意識到自己可能遭到詐騙。,假交友(徵婚詐財)詐騙,假交友
141048066416316456,2025-01-22T16:00:00Z,臺中市,4,我在113年12月08日因為家裡有居家清潔的需求，於是我在臉書上找到一家「台中首匠清潔」公司，我發訊息給對方說要預約居家情接，後來一個臉書MESSAGE名稱為「吳小中」的人私訊我自稱是公司業務，然後跟我確認好我要清潔的方案內容及費用後要求我先付訂金新台幣600元，對方提供我中國信託銀行帳號，後來我於113年12月09日09時35分透過我的LINE PAY帳號轉帳過去新台幣600元給對方，後來我回去查詢他的臉書專業發現設立時間很近，而且公司地址沒有這個公司，所以我擔心遭詐騙要跟對方取消交易要退款，後來在113年12月10日17時47分從對方原本的帳號退款到我的玉山銀行帳號新台幣600元，後續多個網友在粉絲專業上面留言說被詐騙沒有到場清潔也沒有辦理退款，我擔心對方退款給我的新台幣600元是詐騙別人來的款項，所以我到派出所報案。,假借銀行貸款詐騙,假借銀行貸款
133387931850117139,2025-01-01T16:00:00Z,臺北市,1,"寒風刺骨的十二月，我，一個51歲的家庭主婦，因為先生生意周轉不靈，急需80萬的汽車貸款。那天，一條簡訊像救命稻草般出現，上面寫著能快速辦理汽車貸款。我抱著一絲希望，加了對方提供的LINE ID。

對方自稱是貸款公司經理，語氣溫柔，分析我的財務狀況後，信誓旦旦地說可以幫我辦理貸款。但接下來的話，卻像一盆冷水澆滅了我所有希望。他說，要先繳清我名下所有的罰單，才能開始辦理貸款。我當時根本沒想到這是詐騙，鬼迷心竅地相信了他。

他安排我在台北市松山區敦化南路和八德路口附近見面，要我當面交付十萬元。那輛車，車號我還記得，BMR-0125，黑色轎車，車內空間狹小，車廂裡彌漫著廉價香水。我把辛苦存下的十萬元，親手交到他手上。

那一刻，我滿心期待著能解救先生的困境，卻沒料到這只是騙局的開始。拿到錢後，他立刻失聯，我的手機訊息石沉大海，簡訊、電話都再也聯繫不上他。直到這時，我才驚覺自己被騙了，十萬塊，是我家好幾個月的家用，就這樣憑空消失了。

我，一個勤儉持家的女人，竟然被這樣拙劣的騙局騙了，悔恨和悲憤交織在一起，讓我幾乎喘不過氣來。如今，我只能報警，期盼警方能破案，把這個可惡的騙子繩之以法，也希望我的經歷能提醒大家，不要輕信來路不明的貸款訊息，以免落入相同的陷阱。
",假借銀行貸款詐騙,假借銀行貸款
150807189705986056,2025-02-18T16:00:00Z,臺南市,5,我因有貸款需求，在【GOOGLE貸款平台看到廣告】，後於【114年2月14日】與對方【加入LINE ID:合作金庫信貸】，對方稱【我信用不足】，要求我【拍照傳送帳戶封面並至超商掃條碼繳費新台幣10000元】對方又稱帳戶金流不足要求我購買保單，我不疑有他填具資料後，因我【遭銀行告知帳戶餘額不足】，驚覺受騙，計損失新臺幣【42015元】。,假借銀行貸款詐騙,假借銀行貸款
158434241787465751,2025-03-11T16:00:00Z,高雄市,6,"因為有貸款需求，我在3月間於Facebook看到一則借貸廣告，便透過LINE與對方聯繫，對方的LINE暱稱為「劉家祥」，但我已無法提供具體的LINE ID。對方聲稱需要先提升我的銀行信用分數，以利申請貸款，並要求我拍照傳送身分證件及銀行帳戶封面作為審核依據。
之後，我的帳戶陸續收到數筆不明款項，對方指示我在3月11日將這些款項提領後，交給其指派的人員。然而，當我發現自己的帳戶無法使用，且遭到警示時，便試圖再次聯繫對方，但對方已不再回應，這才驚覺自己可能遭遇詐騙，於是決定報案處理。",假借銀行貸款詐騙,假借銀行貸款
162838040652288050,2025-03-23T16:00:00Z,臺中市,4,"這件事真的讓我大開眼界，沒想到自己竟然會掉入這種詐騙陷阱！
3月16日的時候，有個LINE暱稱叫「張心彤」的人加我好友，一上來就問我要不要辦貸款。當時我正好有資金需求，覺得她說話挺專業的，就開始和她聊了起來。對方告訴我，為了提高貸款成功率，需要「包裝帳戶流水」，讓銀行覺得我的財務狀況穩定。聽起來有點道理，我就照著她的指示辦了。
到了3月18日17點16分，我按照對方的要求，透過超商交貨便把我的玉山銀行提款卡寄了出去。當時還以為這是貸款的正常流程，完全沒有懷疑。
結果過了沒多久，我突然收到玉山銀行的簡訊，說我的帳戶被警示！當下我整個人都傻住了，這才驚覺自己被騙了！原來，對方根本不是幫我貸款，而是利用我的帳戶來做非法交易，害我帳戶直接被警示，完全無法使用。
這次真的學到教訓，貸款還是得找正規管道，千萬不能聽信來路不明的人，更不該把提款卡交出去！







",假借銀行貸款詐騙,假借銀行貸款
127290241525485573,2024-12-15T16:00:00Z,苗栗縣,11,我在Facebook上看到一個貸款廣告，因為最近手頭有點緊，就主動加入對方LINE。對方自稱「元大銀行信貸」專員，還說我的兆豐帳戶流水不足，需要我提供網銀帳號，還要求匯款、提領操作。當時我心想這些應該是貸款的必要流程，於是照著做了。後來，警方突然打電話通知我，有人把錢匯到我的帳戶，並且我的帳戶已被設為警示帳戶！我當場愣住，這才驚覺，自己竟然成了詐騙集團的「人頭帳戶」，而且損失了整整21萬元。,假借銀行貸款詐騙,假借銀行貸款
125793855290216448,2024-12-11T16:00:00Z,基隆市,15,我於113年11月22日17時許，我在網路上看到兆豐銀行申辦網路貸款的廣告，我點擊進入後，便有兆豐金控的LINE連結，我輸入我的姓名、身分證及我要貸款的新臺幣60000元整後，兆豐銀行便推薦我加入LINE專員林家福，之後專員請我拿銀行帳戶綁定另一個銀行帳戶，之後專員請我提供我的銀行帳戶帳號及密碼還有SSL密碼給他，113年11月30日專員請我把我名下所有提款卡以7-11交貨便的方式寄出，113年12月3日因對方說我的郵局卡片不能使用，所以我又用賣貨便的方式寄了一張帳號一樣的郵局卡片給對方，113年12月9日專員告訴我說，因為我的卡片及存摺額度達到上限，於是叫我去銀行臨櫃提款新臺幣56000元，取款之後再匯到對方的指定帳戶，後續直到現在對方都沒有回應，故至所報案。,假借銀行貸款詐騙,假借銀行貸款
129832605875965954,2024-12-22T16:00:00Z,臺中市,4,事情發生在幾個月前，我在臉書的「台中租屋出租專屬社團3.0」裡看到一則租屋廣告，照片裡的房子看起來又大又新，價格也相當吸引人。我立刻加了廣告上提供的LINE ID：cai3669，跟對方聯繫。對方很熱心地回答我的問題，並告訴我，為了確保房子能租給我，需要先付訂金。我當時太急著想租到房子，就沒有多想，直接匯了兩萬元到對方提供的帳戶：700-00314790253173。匯款後，對方就開始找各種理由拖延看房的時間，我心裡雖然有些不安，但還是相信對方。直到過了很久，對方都無法給我一個確切的看房時間，我才意識到自己可能被騙了。我試著聯繫對方，但對方已經把我封鎖了。我報了警，但警方告訴我，這種詐騙案很難追查。現在回想起來，我真是太粗心了。在網路上租房子，一定要多加小心，不能輕易相信陌生人。我希望能藉由我的經驗，提醒大家，租房一定要親自去看房子，簽訂正式的租賃契約，千萬不要在網路上隨便匯款。,假廣告詐騙,假廣告
154834881329762310,2025-03-01T16:00:00Z,新北市,2,"2月16日，我在臉書上看到有人在賣影片製作服務，覺得很有興趣，剛好最近有專案需要用到，就主動加了對方的LINE來談細節。
對方感覺很專業，說他可以幫我剪輯影片，價格也算合理。我心想：「找專業人士來做，省時又省力！」於是，我在凌晨2點10分和2點27分，分兩次各匯款1,000元，總共給了2,000元到對方提供的帳戶。
結果，錢一轉過去，對方竟然瞬間消失！ 原本還回得很快的LINE，突然沒回應，最後整個人直接消失無蹤！ 我這才驚覺自己被詐騙了！
這次的經驗讓我學到，網路上找服務一定要小心！ 不論是影片製作、設計還是其他接案工作，千萬不要急著匯款，應該確認對方的評價、是否有過往作品，或選擇有擔保交易的平台，不然很可能錢一轉出去，就再也拿不回來了！",假廣告詐騙,假廣告
159845130348531731,2025-03-15T16:00:00Z,臺南市,5,我於臉書看見【台南永康租租屋社團】刊登租屋廣告貼文，我遂加入假廣告貼文所提供之聯繫方式【LINE ID：8890sy】聯繫，俟我上鉤後，對方便要求先預付訂金才能優先看房，我遂匯款【新臺幣14000元】，後續對方稱已有他人預付訂金，要求我再次支付，才驚覺遭詐，共遭詐騙新臺幣14000元。,假廣告詐騙,假廣告
134878815410196482,2025-01-05T16:00:00Z,嘉義市,16,我在【FACEBOOK】看到嘉義市租屋網的租屋訊息，就加入貼文提供的LINE暱稱【葉佳淇】好友，對方說這間房子很搶手很多人要，要我先【匯款訂金】才能幫忙留住物件，我就匯款給對方，後來我和對方要求要看房子的時候，對方就沒有回應，我才知道被詐騙了。,假廣告詐騙,假廣告
167923730670948359,2025-04-06T16:00:00Z,屏東縣,8,"我近期在社交平台上詢問恆春台灣祭的住宿資訊，並接到一名IG用戶表示可以合住民宿，但需先匯款5,000元。我信以為真隨即將款項匯入對方指定的帳戶。

然而，隨後該用戶不再回覆訊息，到了活動當日也沒有任何消息，我才意識到自己可能遭到詐騙，於是前往派出所報案。

這起事件提醒大家，在網路上尋找住宿或其他服務時，務必保持警覺，特別是對於要求提前匯款的情況。建議在交易前仔細查證對方的身份及信譽，避免輕易匯款。若遇可疑情況，應立即停止交易並尋求協助，以保障自身財產安全。謹慎選擇，避免成為詐騙的受害者！",假廣告,假廣告
150598290688184384,2024-12-02T16:00:00Z,新北市,2,"10月21日，我在臉書社群閒逛時，忽然被一則看似絕佳的門票機會吸引住了。這是張貼在社群上的周杰倫演唱會門票廣告，描述得異常詳細且令人心動，還附上了演唱會座位的精美照片。想到周杰倫的魅力和我的期待，我毫不猶豫地點進去，迅速透過Messenger聯絡了賣家。

對方語氣誠懇，回應迅速且熱情無比，完全打消了我的戒心。他用極為流利的話術告訴我，這些門票因臨時無法前往才轉讓，保證真實有效，甚至說可以先付一部分款項，稍後再確認細節。我深信不疑，立刻與兩位同樣熱愛周杰倫的朋友商量，決定一起購票。

接下來，我們五次匯款，總計支付了99,000元。每一次付款後，對方都表現得相當可信，還不斷更新所謂的「郵寄進度」。我心裡的期待隨著時間慢慢升高，甚至開始想像當天的演唱會有多麼令人難忘。然而，到了約定的取票時間，我卻始終未收到任何門票。

我心急如焚，反覆用Messenger聯繫對方，卻驚訝地發現對方不再回應了。每發一條訊息，都是如石沉大海般的沉寂，這讓我的不安感倍增。試著重新檢視那則廣告時，發現它已悄然被刪除，連對方的帳號也消失得無影無蹤。

這一刻，我才如夢初醒，意識到自己和朋友都成了詐騙的受害者。那些錢，正是我們對演唱會的熱切期待和對偶像的熱愛，如今卻被徹底利用，化為一場令人心碎的騙局。

這次損失雖然痛徹心扉，但更讓我懊悔的是，自己的信任竟被利用得如此徹底。我希望透過分享這次的經歷，提醒所有人，無論多麼誘人的廣告，若未經核實，一定不要輕易相信，特別是在網路世界裡，防人之心真的不可或缺！",假廣告詐騙:周杰倫門票的騙局悲歌,假廣告
147518710901379082,2025-02-09T16:00:00Z,臺北市,1,"那天在IG上滑著手機，一個「免費送奶嘴」的廣告閃瞎我的眼！我當時懷孕七個月，正為寶寶用品煩惱，心想天上掉餡餅這種好事怎麼會輪到我？鬼迷心竅似的，我點進了那個現在已經消失的貼文，按照指示加了LINE好友「孫婷」。

孫婷很會聊天，甜言蜜語地說什麼「恭喜妳即將成為媽媽」、「我們公司有各種超值的媽媽禮包」之類的，還說只要幫他們充點家電購物金，就能拿到豐厚的回饋！我一個餐飲服務員，平常省吃儉用，聽到「回饋金」三個字，腦袋瞬間當機，完全沒想太多就匯了款。

第一筆、第二筆…總共四筆，加起來居然是十六萬六千塊！我辛辛苦苦存了幾年的積蓄，就這樣像流水一樣，全進了那個騙子的口袋！我當時根本沒發現任何異狀，直到三峽派出所的警察打電話來，我才如夢初醒，整個人都崩潰了。

十六萬六千塊啊！那可是我兩年的薪水！我原本打算用這筆錢買個好一點的嬰兒床、奶粉、尿布…現在，什麼都買不起了。我恨自己的愚蠢，恨那個可惡的騙子，更恨自己怎麼會輕信這種明顯是騙人的鬼話！現在，我只能看著肚子裡即將出生的寶寶，默默流淚，後悔莫及。這件事也讓我深刻體會到，天上不會掉餡餅，網路上那些看起來太好的優惠，十之八九都是詐騙陷阱。",假廣告詐騙,假廣告
127643833201594431,2024-12-16T16:00:00Z,臺中市,4,"前幾天，我在YouTube上看到一則投資廣告，宣稱有保證獲利的投資方案，完全不用擔心虧損。剛好最近手頭有些餘錢，加上廣告內容講得特別吸引人，我便根據提供的聯繫方式加了一位「投資顧問」，對方LINE上的暱稱是陳玥琳。

她向我介紹了一個投資APP，操作流程看似簡單又高效，還不斷拿過去成功案例說服我。我開始覺得，這是一個讓資金升值的好機會，就按她的建議下載了那款APP，並在她指導下匯款進行操作。

一開始，我看到APP裡的獲利數字蹭蹭往上漲，整個人都興奮起來了，還跟家人說選對了項目。可是，當我試著提領出金時，系統卻顯示「手續未完成，暫無法提領」。我聯繫LINE上的顧問，她說需要再匯額外的手續費才能解鎖出金功能。

匯款後，還是提領不了，這才意識到不對。無奈之下，我把APP的問題向警方求助，才確認這完全是一場設計好的假投資騙局。回頭算一算，我竟然一共被騙了21萬2千元，真是悔不當初。",假投資詐騙,假投資
134498917780819968,2025-01-04T16:00:00Z,桃園市,3,我在抖音看到一則投資廣告，接著用LINE跟對方聯繫，對方給了我他的LINE ID，說投資穩賺不賠、保證獲利，還叫我加入他們的投資計畫。他要我到一個投資網站註冊帳號，再開始投資。我照著他的指示完成註冊，然後依照要求匯款。等到我想提領獲利的時候，網站的客服說要先繳稅金才能出金，我就依照要求匯款。結果過沒多久，客服又說我涉嫌洗錢，要再繳一筆保證金才能完成出金。我開始覺得怪怪的，但因為已經投入不少錢，只能硬著頭皮再匯款。最後，當他們又要求更多費用時，我才意識到自己被騙了，總共損失大約新臺幣29萬元。,假投資詐騙,假投資
160673980875804708,2025-03-17T16:00:00Z,臺中市,4,"一開始，我是在LINE的591房屋買賣群組裡認識了一位名叫陳安欣的女子。她看起來相當專業，聊著聊著，她提到自己有在投資虛擬貨幣，還說這是一個穩賺不賠、低風險、高報酬的好機會。
她強調：「這是內部投資機會，一般人不容易加入！我願意帶你一起賺錢！」我有點心動，於是她請我加入幾個投資LINE群組，像是：「幣勝科技」、「COINSHA」、「幣來投資股份有限公司」等，還有一個專門的「客服人員」。這些群組裡的人都在討論如何賺大錢，還有人分享自己的「成功案例」，讓我更加相信這是真的。🔹 一開始有賺錢，後面卻要「不斷加碼」在對方的指導下，我在114年1月14日開始了第一筆投資。我選擇用臨櫃提領現金的方式，把錢交給對方。第一次投資後，帳戶裡果然顯示有獲利，我心想：「這真的可以賺！」於是，我開始投入更多資金。但隨著時間過去，對方開始遊說我「加碼」，並給出各種理由讓我持續投入：🔸 「這是VIP專案，投入越多，獲利越高！」🔸 「這次行情大好，再加碼一次，你的收益會翻倍！」🔸 「再多存一點，你的帳戶就可以升級到高級投資人，回報更快！」為了賺更多錢，我陸續透過臨櫃提款、跟家人借錢、甚至辦理房屋貸款，總共面交了六筆現金，還有一次親自去貨幣交易平台的實體店面交付現金。🔹 突然「無法出金」，還要求繳稅！
當我覺得時機成熟，準備把投資金額領出來時，系統卻跳出：「您的帳戶需要繳納 20% 交易所得稅，才能出金！我聯繫客服，對方表示：「這是Trust Wallet的規定，所有投資人都必須先繳稅，才可以提款！」我開始緊張，因為這筆「稅金」數額不小，而我已經幾乎把全部資金都投入了！我跟對方爭論：「我賺的錢還沒拿到，為什麼要先繳稅？」對方回覆：「這是國際交易的標準規範，所有人都這樣操作，請放心！」此時，我終於意識到——這是一場精心設計的詐騙！我試圖再次聯繫「陳安欣」和那些客服人員，卻發現他們全都已讀不回，甚至把我封鎖！這時，我才驚覺自己掉入了一場精心設計的虛擬貨幣詐騙陷阱，於是趕緊前往派出所報案，希望能夠追回損失。",假投資詐騙,假投資
131956022880243713,2024-12-28T16:00:00Z,基隆市,15,我於社群軟體Facebook看到一則投資廣告，後點擊進入跳轉至LINE，歹徒便偽裝成投資名師身分，慫恿我至對方提供的APP，並於聊天過程中誘騙我於名稱【永創】之APP內進行投資，誆稱保證獲利、穩賺不賠，我遂依指示至該APP申請帳號，過程中他教我提供身分證照片，後續輸入帳號密碼，我也不疑有他投入越多金額，並依照歹徒指示匯款及面交，共新台幣2000000元，過程中有出金獲利過，惟因對方突然將其踢出群組且以讀不回，且經警方通知其匯款帳號疑為詐騙帳號，始驚覺遭詐，故其至所報案。,假投資詐騙,假投資
121262035781554180,2024-11-29T16:00:00Z,新北市,2,"我在臉書上看到一則股票投資廣告，聲稱獲利25%，我掐指一算，那我投資個100萬，不就可以支應我生活開銷了嗎，點進去後加入了一個LINE群組，裡面每天都有熱烈的投資討論和成功案例的分享。群組裡的「投資顧問」不僅熱心教學，還建議我參與高回報的專案。對方強調，只要面交款項即可立即操作投資，獲利速度很快。
某天，我帶著30萬元，在住家附近與他們指定的專員面交。當專員交付收據時，他信誓旦旦地保證這是我致富的第一步。隨後，他不斷催促我追加資金，稱「最好的投資就是現在」。於是，又面交了70萬元。幾天後，我被告知要抓住一個千載難逢的大賺機會，需立即匯款200萬元。這次，我前往聯邦銀行準備辦理匯款，但銀行行員警覺地攔阻了我，並告知我可能遇到詐騙。經反覆確認後，我才意識到這些投資根本是假的。這場夢想致富的計劃，最終讓我付出了沉痛的代價。",假投資詐騙,假投資
122915723088498778,2024-12-03T16:00:00Z,臺中市,4,我平時會刷微博，某天突然看到一個投資廣告，說是保證高收益穩賺不賠。於是我透過微博聯繫了對方，他把他的LINE ID給我後，我們在LINE上聊起來。他推薦了一個叫“NANA PLASTIC SURGERY”的投資APP，還附上網址，看起來相當專業。他教我註冊帳號，還一步步指導我怎麼買虛擬貨幣。起初我投入了幾萬元，對方說賺到了，鼓勵我追加投資。為了能賺更多，我又追加了大筆金額。直到有一天，我想提領獲利時，系統卻顯示無法操作，而對方也不再回應。總共損失了49萬2000元，這一切就像一場惡夢！,假投資詐騙,假投資
130536102858592288,2024-12-24T16:00:00Z,高雄市,6,我於113年11月23日16時59分於住處，瀏覽社群網站(facebook)看到免費加入當沖群組可以賺大錢的內容，便加入財富分享圈XIII的LINE群組，裡面有一位自稱張玟婷及自稱賴幕天的LINE，他們兩人推薦我碩天的投資網站可以獲利，我便加入碩天客服的LINE，如我有要投資，便與碩天客服聯繫儲值的金額即可，我以網路轉帳的方式分別儲值了5次，共儲值新台幣205000元，起初我有賺到新台幣1萬左右，之後，我擔心被騙想把儲值的金額領出來，前3次都有提領成功但最後1次想提領1筆10萬的金額，卻提領不出來，碩天客服又要我繳納320735元說有一筆股票交易，我覺得有點奇怪，我才知道遭詐騙。,假投資詐騙,假投資
135986657831686172,2025-01-08T16:00:00Z,臺中市,4,"那是2025年12月31日的清晨，窗外寒意逼人，而我還沉浸在節日即將來臨的期待中，突然間，一個陌生的電話打破了我寧靜的早晨。電話那頭的聲音低沉而急促，聲音裡帶著一股官方的威嚴，讓我一瞬間陷入了困惑。
「您好，我是高雄市刑大、金管會的偵查員。您的名下帳戶近期有12筆異常交易，顯示您的帳戶可能被盜用。」那人語氣急切，彷彿事情相當緊急。「我們需要立即處理，否則會造成更多的損失。」
一聽到「盜用帳戶」，我的心跳不禁加速。帳戶怎麼會被盜？我從未遇過這樣的情況。對方繼續向我解釋，稱為了保護我的資金安全，必須立即進行一系列的處理，並要求我提供一些信息來驗證我的身份。
接著，電話那頭的聲音又換成了一位自稱為高雄警察的人，他語氣中帶著一絲安撫，告訴我這是一起刑事案件，必須立即採取行動，並讓我加入了兩個LINE帳號（其中一個ID為asb15402，另一個ID我已經記不清楚了）。這些所謂的警察與金管會人員都強調，這是非常重大的案件，為了防止我的資金再度被盜用，他們將會代為處理財產。
對方的話語讓我心裡感到一絲恐慌，畢竟自己的資金安全至關重要。於是，我依照他們的指示，前往了約定的地點，將現金交給了他們。接著，他們又要求我申辦三張新的門號，以便進行後續的「操作」。在這樣的壓力與焦慮中，我只覺得自己彷彿被逼入了一個無法逃脫的困境。
然而，當我完成所有指示後，心中的不安依然未曾減少，反而隱約覺得這一切似乎有些不對勁。我決定前往派出所詢問，想確認一切的真相。
結果，當我進入派出所並查證後，警察告訴我，這一切完全是詐騙！那兩個所謂的高雄市刑大、金管會人員，根本就是一群不法分子，他們用虛假的身份與話術一步步將我引入了這場騙局中。聽到這個消息的那一刻，我的心情瞬間崩潰。原來，我所有的現金和努力，竟然都落入了不法之徒的口袋。
我傷心、後悔，心中的懊悔如潮水般湧來。180,000元的損失，對我而言，無疑是一場巨大的打擊。我無法理解，自己怎麼會如此輕易地相信了這些陌生的電話和網絡訊息，讓自己陷入如此的困境。也許是對於這個陌生世界的不了解，讓我失去了應有的警覺。
但此時此刻，我只能將這些痛苦與悔恨深深埋藏在心中。我明白，這是一次深刻的教訓。在這個信息化的時代，無論誰用什麼樣的身份或語氣，都可能是詐騙的開始。此後，我將不再輕易相信任何陌生來電，更不會隨便提供自己的財務信息，因為我已經深刻體會到，信任若被不當利用，可能會讓人付出無法挽回的代價。
這次的經歷，不僅是金錢上的損失，更是一場心靈上的洗禮。我希望我的故事，能夠讓更多的人警覺，避免重蹈覆轍，不讓自己的信任被那些心懷不軌的人輕易利用。",假檢警詐騙,假檢警
130868164018835457,2024-12-25T16:00:00Z,苗栗縣,11,12月20日，我接到一通來電，對方聲稱是戶政事務所的工作人員。他說，有人持我的證件試圖申辦戶籍謄本。聽到這裡，我立刻緊張起來，問該怎麼處理。對方說這是嚴重的案件，並幫我轉接到所謂的「警察單位」。接聽電話的「警察」語氣沉穩，還主動加了我的LINE。他說，我可能涉及刑事案件，為了確保財產安全，建議我暫時把現金和金融卡交給他們代管。當時，我完全沒有懷疑，還根據指示面交了7萬元現金及3張提款卡。然而，當我和朋友提起此事時，朋友立刻提醒我這很可能是詐騙！我才驚覺受騙，連忙報案，但已經無法追回這些錢和卡片。,假檢警詐騙,假檢警
155875127404269578,2025-03-04T16:00:00Z,桃園市,3,我在114年3月4日接獲假冒財政部之電子郵件，內容謊稱我的載具歸戶驗證未成功，所以要求我進入網址對方提供之網址進行操作驗證，於是我便依網址內要求，填寫我本人的信用卡資訊並輸入簡訊驗證碼，之後就收到銀行通知刷卡消費，我覺得很奇怪，仔細想想後才發現我可能遇到詐騙，所以才趕快故至派出所報案，請求警方協助。真是慘痛的經驗!,假檢警詐騙,假檢警
126877770805415944,2024-12-14T16:00:00Z,臺北市,1,"那天下午，陽光灑進客廳，我正哼著小曲兒，準備開始我的家務。電話響了，一個陌生的男聲，自稱是檢察官，語氣嚴肅得讓我心頭一驚。他說我涉嫌一宗重大洗錢案，需要配合調查，否則就要被逮捕。我一個普普通通的家管，怎麼可能牽扯到洗錢？但他的話語權威而咄咄逼人，加上我年紀大了，耳根子也軟，竟然開始相信了他的話。

他指示我，要將名下所有存款都轉到一個「安全帳戶」保管，以協助調查。我慌亂中，按照他的指示，透過ATM操作，將辛苦存了大半輩子的積蓄，全數轉了出去。過程中，他不停地強調案件的嚴重性，不斷地催促我，我根本沒有時間去思考，去驗證他的身份。

直到晚上，女兒回家看見我憔悴的樣子，才發現了異樣。女兒幫我報警，警察告訴我，這是一起典型的假檢警詐騙案。我聽著，淚水止不住地流下來，六十三年的辛勞，就這樣付諸流水，全被那些騙子騙走了！我恨那些騙子，恨他們的虛偽和狠毒，更恨自己的愚昧和輕信。現在，每當我看到陽光灑進客廳，想起那天的事，我心裡的痛楚就如潮水般湧來，後悔莫及。希望我的遭遇能提醒更多人，千萬別輕信來路不明的電話，別讓悲劇再次上演。
",假檢警詐騙,假檢警
155898074240127040,2025-03-04T16:00:00Z,高雄市,6,114年03月04日在臉書社團一名暱稱王國雄之人欲購買我刊登的帽子，他使用message與我連繫，並給我宅配通之連結，我因為沒用過，就依照他的指示輸入宅配通資料後，假宅配通客服人員便與我聯繫，假客服人員稱其帳號未開通代付，之後會再安排銀行專員與聯繫，不久我就接獲假冒【金管會】人員【使用通訊軟體LINE】來電，假金管會人員告知我說要確認帳戶是否為我本人所有，故我依照假金管會人員指示將我帳戶轉2筆金額至對方帳戶048-01000428386788，第一筆金額新台幣49985元、第二筆金額新台幣39087元，共損失新台幣89072元，驚覺受騙，故至所報案。,假檢警詐騙,假檢警
163842331441631232,2025-03-26T16:00:00Z,嘉義市,16,我接獲假冒【內政部警政署刑事警察局】人員以【LINE】來電，謊稱有人拿我的證件報低收入戶補助，還有我的個人資料遭人冒用涉嫌毒品案件，需交付財產讓對方監管，所以我不疑有他依照假警察指示面交財產，今天對方再次以LINE電話聯繫我，要求我面交財產，我便前往派出所進行求證，才驚覺受騙。,假檢警詐騙,假檢警
163827633992241176,2025-03-26T16:00:00Z,臺北市,1,"那天，我打開信箱，一封署名「假冒監理站」的郵件赫然出現在眼前，標題寫著「罰單未繳」。我心想，最近好像真的開車違規過，一時不察便點開了信件中的「釣魚連結」。

網頁的介面做得跟真的一模一樣，我按照指示輸入了信用卡資料，想說趕緊把「罰單」繳清了事。沒想到，幾天後收到信用卡帳單，金額竟然遠遠超過罰單應有的數目！仔細核對後才發現，信用卡上多了一筆莫名其妙的支出。

我急忙聯絡銀行，確認自己遭到「詐騙」！原來那封「假冒監理站」的郵件是個陷阱，我成了「詐騙集團」眼中的肥羊。損失了一大筆金額，我懊悔不已，怪自己太過大意，沒有仔細查證。這一次的教訓，讓我深刻體會到網路世界的黑暗，以後再也不敢隨便點擊不明連結了。",假檢警詐騙,假檢警
138519491721039874,2025-01-15T16:00:00Z,雲林縣,9,"我在網頁搜尋手工打工的廣告，我到處瀏覽找尋有沒有適合也喜歡的工作，便認識一名LINE(○○媽咪)，其向我介紹工作項目及細節，後便詢問我投資轉錢方式有沒有興趣，我始得知投資訊息，其在向我介紹一名特助，提供他的個人訊息給我，給了我一組投資網址請我下載，又邀請我加入LINE投資群組（VerdantPower），其稱我要先行購買虛擬貨幣(USDT)再行轉至其指定錢包地址，後續收到幣額後會在轉換成投資網站上的資金，進行後續投資，由他們代操盤，後續因為我要出金，其以各種理由推託無法出金，持續要求我要繼續儲值，我驚覺有異。
我原本只是想找尋工作賺錢，結果錢都還沒賺到，就被騙走了我辛苦存下來的錢，這次的經驗讓我學到教訓，凡事要追根究柢，不要被表面給蒙蔽了。
",假求職詐騙,假求職
167915491845738543,2025-04-06T16:00:00Z,高雄市,6,我於114年3月24日於抖音上看到家庭代工徵人廣告，故向歹徒聯絡後，使用LINE通訊軟體與歹徒對話，歹徒假藉向我先行收取家庭代工材料費用，故要求我寄送金融卡當作保證金，我誤信而於【114年03月26日20時15分】以【超商寄送】方式交付高雄市第三信用合作社金融卡1張，另於04月01日19時50分許再次寄送中華郵局金融卡1張，後因【歹徒不再理會，自行至銀行辦理卡片遺失時，銀行遭渠帳戶已遭警示】，驚覺受騙。,假求職詐騙,假求職
156237198503448588,2025-03-05T16:00:00Z,桃園市,3,我於114年1月8日，使用社群軟體抖音時看到廣告影片說如何增加額外收入，直接用手機就可以操作，遂加入對方LINE好友連結和對方聯繫，對方稱要我協助處理虛擬貨幣的訂單，我就依照對方指示拍攝名下永豐銀行帳號封面、並於114年01月10日許用LINE傳給對方網路銀行的帳密、申辦MAX交易所、MaiCoin交易所的帳密給對方，而對方說會先給我新臺幣6000元薪水，聲稱永豐銀行帳號是借給對方使用虛擬貨幣的訂單交易使用，而MAX交易所、MaiCoin交易所的帳密對方稱是是先幫我升至VIP1等級，之後才會比較好操作，升級之後再把帳號給我操作協助處理虛擬貨幣的訂單，復於114年02月07日收到永豐銀行打來電話稱我的帳戶金額異常有異常使用被警示戶，故今日才至派出所報案。,假求職詐騙,假求職
146120040423362566,2025-02-05T16:00:00Z,屏東縣,8,"報案人小李在Facebook社團「屏東工讀、臨時打工站！」看到一則徵才貼文，便加了對方提供的Line ID。對方告訴小李有一個投資項目，聲稱可以獲得不錯的回報。小李心想金額不大，便沒有多加查證。

隨後，對方提供了一個名為「Azbit」的網站，並詳細介紹如何將資金投入虛擬貨幣交易。小李聽信對方的說法，將資金匯入，並期待著能夠獲得獲利。然而，當小李想要提領資金時，卻發現無法提領，且系統要求支付保證金，這時他才驚覺自己可能遭遇詐騙。

這次經歷讓小李深感懊悔，決定報案並分享自己的故事。他希望提醒大家，在網路上接觸到任何投資機會時，務必保持警覺，仔細核實對方的身份與資訊。詐騙手法層出不窮，唯有謹慎行事，才能有效保護自己的財產安全。",假求職,假求職
163931189176963103,2025-03-26T16:00:00Z,新北市,2,"我在 抖音上看到一個徵才廣告，她說有 「居家工作機會」，只要用手機就能賺錢，條件也很簡單！
我心想：「這麼輕鬆的工作，應該不錯吧？」於是就加了對方的 Line，詢問詳情。
高惠貞告訴我：「工作前要用金融卡做認證，這樣才能拿到補助款！」
她還強調：「這是公司規定，認證完，薪水跟補助馬上就會下來！」
當時我 完全沒懷疑，想說反正只是認證一下，應該沒什麼問題……
於是，當天我在  7-11 門市，把金融卡用超商寄到她指定的門市
帳戶被警示，錢也提不出來！
到了 3月，我去 ATM 提款時，卻發現 帳戶被警示，無法領錢！
這時候我才驚覺：「完蛋了，我的帳戶變成詐騙集團的人頭帳戶！」
而且，我還發現對方曾經匯了錢到我的帳戶。我越想越不對勁，馬上趕到派出所報案！",假求職詐騙,假求職
130867847638290446,2024-12-09T16:00:00Z,臺北市,1,"那則Facebook家庭代工的貼文，就像一隻閃著誘人光芒的螢火蟲，輕易地吸引了我這個43歲、做著其他服務工作的單親媽媽。我多麼渴望能兼顧家庭和經濟壓力，多麼希望那筆額外的收入能改善孩子的生活。吳珍的貼文簡潔有力，充滿了希望的字眼：家庭代工，輕鬆兼職！

我加了王先生的Line，他親切地引導我，一步步地說服我為了「取得補助金」而必須寄送我的第一銀行提款卡。他用溫和的語氣、熟練的技巧，打消了我所有的疑慮，甚至連提款密碼都要求我透過Line告知。我天真的以為，這是一份值得信賴的機會，我急需這份工作，所以根本沒有多想。

我按照指示，透過統一超商的賣貨便，寄出了我的提款卡，心裡盤算著拿到補助金後要買什麼給孩子。然而，等來的卻不是補助金，而是銀行通知我的帳戶被凍結的簡訊！一瞬間，我從天堂跌落地獄，所有的希望都化成了泡影，腦中一片空白，只覺得天旋地轉。

我意識到自己被騙了，那閃爍的螢火蟲，原來是吞噬我血汗錢的陷阱。那一刻，我感覺到深深的悔恨和絕望，不僅是錢的損失，更是對自己愚蠢的懲罰。那些話語，那些承諾，都像是惡夢般真實，我恨透了那個虛偽的王先生，也恨透了自己的輕信。現在，我只能報警，希望警方能追回我的錢，也希望這個慘痛的教訓能讓更多人警惕，不要再像我一樣，成為詐騙集團的受害者。
",假求職詐騙,假求職
155553847664709666,2025-03-03T16:00:00Z,臺中市,4,"最近我一直在找工作，無意間在臉書上看到一則素人模特兒的徵才廣告，感覺不需要經驗，薪資待遇也不錯，於是我點進去了解。對方讓我加了一個LINE帳號，暱稱叫Rosie、睿睿媽，看起來很專業，還發來一些過往合作案例，說得頭頭是道。對方告訴我，這份工作並不難，但需要「經營電商體驗」，也就是先幫忙代購代售商品，賺取價差，才能取得錄取資格。我原本有點猶豫，但她一直強調這是「流程規定」，許多模特兒都是這樣過來的，於是我決定試試看，便依照指示提供了帳戶照片，並先匯款91,000元到指定帳戶，購買所謂的代售商品。沒想到，過了一天，對方告訴我，資金還需要再流通10萬元，才能正式入帳，不然前面的投入也無法變現。我這才意識到事情不對勁，開始搜尋類似的案例，結果發現這根本是詐騙！我連忙回訊息，但對方已讀不回，我的錢也要不回來了……原本想找工作，沒想到不但沒賺到錢，還白白損失了近十萬塊。",假求職詐騙,假求職
160264805406478368,2025-03-16T16:00:00Z,新北市,2,我在旋轉拍賣上賣一個包包，沒多久就有買家來詢問，說要下單購買。但他下單時卻說系統無法完成交易，然後丟了一個通訊軟體帳號給我，說那是旋轉拍賣的「客服」，要我聯繫處理問題。我加了那個「客服」，對方告訴我，因為買家的帳戶被凍結，所以交易沒辦法成功。接著，他說要幫忙解決問題，叫我再加一個「銀行專員」的通訊軟體帳號。這個「專員」的暱稱還寫著「客服專員-楊昱昌」，看起來很正式，我也就沒多想。這個「銀行專員」一加上我，就打來電話，語氣專業地跟我解釋，說只要我先匯一筆款項，才能解除買家的警示帳戶，讓交易順利進行。我當時沒多想，照著指示把錢轉了過去。結果，到了隔天，我有些疑問想問旋轉拍賣的客服，卻發現對方完全不回應，這時才驚覺不對勁……這根本就是一場騙局！,假買家騙賣家詐騙,假買家
135926642714349573,2025-01-08T16:00:00Z,臺南市,5,我是【Facebook】平台賣家。於【114年1月8日23時01分】，假買家透過【Sada Khan】聯繫。買家表示要使用【7-11賣貨便）】進行交易。 我依指示前往該平臺創建賣場並提供連結，但買家聲稱無法完成訂購。買家隨後傳送一個自稱是【平台名稱】的【客服網址（或是LINE帳號）】，要求我聯絡。假客服告知我因【未開通金流服務】，需要配合進行驗證作業。 我隨後接獲自稱銀行專員的來電，表示需要進行【金流驗證】才能開通服務。我依照指示，轉帳（匯款）共計新臺幣【199949】元至對方提供的帳戶。我認為事有蹊蹺不願配合辦理，對方隨即失去聯繫，始知遭詐騙。,假買家騙賣家詐騙,假買家
163192245896351807,2025-03-24T16:00:00Z,高雄市,6,"我在臉書多個社團發布販售室內腳踏車的貼文，後續有一名臉書網友謝◯宏，私訊被害人表示欲購買商品，網友謝◯宏就表示欲購買我販售的商品，就傳了連結網址要求我填寫資料及對方提供的訂貨單的編號，填寫完後客服稱被害人未開通服務，要求我照指示操作網路匯款，後續我照對方指示操作，總共匯款新臺幣14萬4,076元，後續驚覺遭騙至所報案，這次的教訓真是讓我心存警惕。 ",假買家騙賣家詐騙,假買家
158410112820580359,2025-03-11T16:00:00Z,桃園市,3,我是旋轉拍賣的賣家，3月12日有個假買家透過通訊軟體找我，說要用旋轉拍賣交易。我超開心，馬上創建賣場給連結，他卻說下不了單，還丟一個自稱「旋轉拍賣」的客服網址（或LINE）給我。我聯繫客服，對方說我沒開通金流跟實名制，要驗證才行。後來一個自稱銀行專員的傢伙打來說要金流驗證，我傻傻轉了49123元過去，心想這下能賣東西了吧。轉完錢我覺得怪怪的沒再配合，對方也沒了消息，我查了一下才知道被騙了！我整個人像是被潑冷水，趕快報警，4萬多飛了，真的是衰到爆啦！,假買家騙賣家詐騙,假買家
150640750479020084,2024-12-21T16:00:00Z,新北市,2,"12月21日晚上，我在臉書上PO文賣兩張五月天演唱會門票。大概在22點15分，一位叫「何雅玲」的人私訊我，說她有興趣買票，還很積極，馬上提供了一個LINE網址(https://line.me/ti/p/rxMJAcsRR4)，讓我們加好友聊細節。

加上好友後，整個交易進行得很順利，她甚至說要馬上匯款。但她提到一個問題：「因為賣家沒有簽署藍新金流，導致訂單無法完成。」聽起來像是很正規的操作程序，於是我按照她的指示，當晚23點09分，匯了49058元到她提供的帳戶。

結果，對方說因為系統出問題，金流凍結，需要我再操作解凍程序。這時候我覺得不太對勁，開始細問一些細節。對方開始支支吾吾，態度也變得有點奇怪，甚至催促我快點完成操作，否則訂單會取消，票也賣不掉。

這一瞬間，我才驚覺自己可能遇到詐騙，立刻停止後續操作，趕緊報案。後來回頭看，發現她提供的藍新金流說法根本是假的，帳戶也是詐騙集團常用的手法。這場交易不僅門票沒賣成，還差點讓我損失近五萬元，真的讓我懊悔不已。",假買家騙賣家解除分期付款詐騙,假買家
130866344814972987,2024-12-25T16:00:00Z,臺北市,1,"那天，我在Threads上賣紅酒，一個自稱姵妤的買家迅速回應，說要買。她熱切的態度讓我放下戒心，乖乖按照她的指示，在好賣+上架商品。 沒想到，她接著說她的帳戶被停權，需要我協助開通。 我本著想完成交易的心情，點進了她提供的連結，那是一個偽裝成好賣+客服的LINE帳號，對方自稱「客服專員」。

「客服專員」態度專業，讓我完全沒起疑。她要求我提供身分證件和銀行帳戶資訊，說是為了核對身份。我傻傻地把中國信託和國泰世華的帳戶資料都給了她。 當時，我腦袋一片空白，只一心想著順利完成交易拿到紅酒的錢。 直到我發現中國信託帳戶裡的錢開始一筆一筆地消失，才驚覺自己掉進了陷阱！

五筆，每一筆都轉入同一個永豐銀行的帳戶，總計19055元！ 我的血汗錢，就這樣被一個虛假的交易、一個虛假的客服、一個虛假的買家，輕易地騙走了！ 39歲的我，從事美容理髮工作，辛辛苦苦賺來的錢，就這樣付諸流水。 現在回想起來，每一個環節都那麼細緻，那麼令人防不勝防。 我恨自己的愚蠢，也恨這些披著羊皮的惡狼！這19055元，不僅僅是錢，更是我的血與淚。
",假買家騙賣家詐騙,假買家
161311486952607770,2025-03-19T16:00:00Z,桃園市,3,我是一名Facebook賣家，3月20日晚上8點34分，收到一名買家的訊息，對方說想買我的商品，並假冒使用「嘉里大榮」運送。我按照他的要求，點擊了他提供的連結，填寫了收貨地址等資料。填完後，他又說需要「託運條例簽署認證」，並發了一個LINE連結給我。我加了那個LINE帳號，對方自稱是「王專員」，說要進行金流驗證，確保交易安全。他一步步指示我提供銀行資訊，還說這只是認證，錢最後都會退回來。我信以為真，分四次轉帳，直到最後才驚覺不對勁。我趕緊撥打165查證，這才確認自己被詐騙了，並立刻到派出所報案！,假買家騙賣家詐騙,假買家
132293173165690904,2024-12-29T16:00:00Z,臺北市,1,"那晚的墾丁星空真美，我正站在海邊，享受著帶團後的片刻寧靜。突然，手機震動，玉山銀行的APP推播訊息跳出來，刺眼的三筆盜刷記錄，像三把尖刀狠狠刺進我的心臟。四萬五千多塊！那是辛苦帶團兩個月的收入，我下個月要繳房貸、小孩學費的錢啊！

我立刻癱軟在地上，腦中一片空白。這些錢對我來說，不是數字，是生活，是希望。我仔細回想，今天根本沒使用過信用卡，一定是詐騙！可恨的是，我明明很小心，從來不隨便點不明連結，也不輕易洩露個人資訊，怎麼還會發生這種事？

我試圖撥打銀行客服電話，語氣顫抖地說明情況，電話那頭的聲音冰冷而公式化，除了報案流程，其他毫無安慰。掛斷電話後，我茫然地看著大海，鹹鹹的海風吹拂著我的臉頰，卻無法撫平心中的悲痛。

那四萬五千塊，不只是錢，更是對我努力工作的嘲諷。五十多歲的我，本該享受晚年，卻要為這筆突如其來的損失焦頭爛額，為了補上這筆錢，我可能又要加班帶更多團，又要少陪家人了。我真是個失敗的導遊，失敗的父親… 這一切，都拜那該死的盜刷所賜！我恨透了這些躲在暗處的詐騙集團，他們偷走的，不只是我的錢，還有我的希望和未來。
",信用卡遭盜刷詐騙,其他
127335800655319086,2024-12-15T16:00:00Z,高雄市,6,我的親友邱某所使用之【Instagram】網路帳號遭歹徒盜用，於113年12月16日傳送訊息向我表示急需借錢，我當時沒想太多，以為他就是我的親友本人邱某，我想說幫助他一下，也沒多問，就從我的新光銀行轉帳2筆共新台幣50000元至對方提供之銀行帳戶，事後查證始驚覺遭詐騙。,盜用網路帳號詐騙,其他
152986806105673728,2025-02-24T16:00:00Z,南投縣,13,我於114年2月24日23時29分許，朋友阿忠透過LINE(暱稱:阿忠；ID:我不知道)向我表示他有遇到困難，需要臨時向我借新臺幣3萬元，於是我於114年02月25日00時43分許由我的中國信託帳戶轉帳新臺幣3萬元到對方提供的台中銀行帳戶，還有損失跨行轉帳手續費新台幣15元，對方後來又跟我借新臺幣5萬元，我驚覺有異打手機向朋友確認，朋友稱LINE遭不明人士盜用，並沒有遇到什麼困難，也從未向我借錢，我才發現被詐騙來派出所報案。,盜(冒)用LINE帳號,其他
160592022162378759,2025-03-17T16:00:00Z,桃園市,3,我於114年03月17日11時38分接獲公司會計LINE的傳訊，而內容為：需要匯款郵局繳費，並問我是否先行轉新台幣5000元，於是公司會計在LINE裡面傳一個帳號給我，我信以為真並用中國信託網路銀行轉帳新台幣5000元過去，當我轉過去之後並詢問公司會計轉帳5000元夠用嗎，你是要給你女兒當零用錢，對方回應說不是，我要繳款用的，我並跟他說我身上還有新台幣11000元，於是我前往7-11超商ATM存錢新台幣10000元，並使用網路銀行轉帳兩筆各5000元，今日公司同仁及會計電話聯繫，會計小姐並跟我說他的LINE遭盜用，我才驚覺遭詐騙，故至派出所報案。,盜(冒)用LINE帳號詐騙,其他
125079096001564735,2024-12-09T16:00:00Z,桃園市,3,"我是一名台灣彩券店的店員，平時工作中總是接觸各式各樣的客人。12月3日早上8點多，我在LINE上收到一位客人的訊息，他說要先下單兩張彩券。對方語氣很自然，還提到會稍後過來付款。我當時沒有多想，覺得不過是再普通不過的訂單，便按照他的指示完成了操作。
結果到了該約定的付款時間，這名客人卻遲遲沒有現身。我聯繫對方時，他總是以「在路上」或「晚點再匯」等理由拖延。我也耐心等了好幾次，但最後卻完全聯繫不上他了。我這才開始懷疑，難道遇上了詐騙？
當我確認無法再聯繫到對方時，內心的懊悔和自責一下湧了上來。這次的損失不是小數目，整整20萬元就這樣被騙走了！我趕緊報案，希望能找回損失，但這一切給了我一個深刻的教訓——在交易中無論看起來多「普通」，都絕不能掉以輕心，否則像我一樣，就會被不法分子趁虛而入！",假預付型消費詐騙,其他
163830053916905487,2025-03-26T16:00:00Z,屏東縣,8,"某天下午，我接到一通沒有顯示號碼的電話，電話那頭聲音聽起來很像我兒子。他說手機壞了換號碼，請我加他的LINE。我當下毫無懷疑，照做了。幾天後，他說要買房子，但工程款臨時周轉不過來，希望我幫忙先墊付。我信以為真，當天就在兩個不同的地點，分別匯了35萬和15萬給他，共50萬元。直到晚餐時，我聯絡上真正的兒子，他卻說完全不知道這件事，我才震驚地意識到自己遭到詐騙。
親人換號、借錢等訊息務必要多方求證，尤其涉及金錢匯款，更要透過電話或面對面確認，別輕信文字訊息，以免財產受損。",猜猜我是誰詐騙,猜猜我是誰
168986728814612509,2025-04-09T16:00:00Z,臺南市,5,我稱於114年04月09日接獲其女兒打至住家電話稱其感冒失聲，表示其手機換成0921009605，要三天後才能通話，又再加我的LINE，在114年04月10日又用LINE與我通話說因為公司團購需要新台幣367000元，很急用，故於銀行臨櫃匯款新台幣後，又再114年04月10日下午表示又需要新台幣460000元，我盧進財驚覺有異，故打電話報案至分駐所詢問，警方聯繫我其女兒臉書通話後，女兒表示未向家人借錢，方知遭詐騙，因而報案。,猜猜我是誰詐騙,猜猜我是誰
127979599479967800,2024-12-17T16:00:00Z,桃園市,3,我的LINE上突然出現暱稱「happy」的好友，並稱自己係外甥女陳美亘，之後對方透過LINE通話以做生意為由向我借錢，我不疑有他到郵局進行臨櫃匯款2次，總共【508000】元，後來我接到匿名電話假冒165傳線陳警官來電洽詢帳戶餘額等資料，通話後發現係隱藏號碼驚覺有異，所以撥打165專線詢問，發現我遭詐騙。,猜猜我是誰詐騙,猜猜我是誰
158045063883001884,2025-03-10T16:00:00Z,桃園市,3,我於114年03月05日，在住處收到高中許久未聯繫的學姊聯繫，隨即學姊傳了一個wechat的QR CODE給我加入，對方wechat名稱為「茹」(ID為wxid_wha1qnh3nojn12)，對方向我表示因為開刀缺錢，需向我借錢就醫，我不疑有他，陸陸續續匯了30筆共新台幣96700元到對方指定之帳戶，我直至114年3月9日至醫院欲探望學姊，到醫院時院方表示目前無此人住院紀錄，我始發現遭騙因而至派出所報案。,猜猜我是誰詐騙,猜猜我是誰
124741605620977689,2024-12-08T16:00:00Z,彰化縣,7,"最近因為手頭有些緊，我在TikTok上看到一則廣告，說可以提供「免審核、簡單快速」的借貸服務，讓我覺得或許是一個解決困難的方法。廣告中附上了WhatsApp聯絡方式【jennaira744】，於是我加了對方的聯絡方式，對方態度非常熱情，迅速回覆了我的訊息。對方表示，如果要借貸1萬元，只需要提供銀行提款卡和密碼作為擔保就可以順利拿到錢。
當時的我被這個「簡單借貸」的說法所吸引，沒有多想就同意了。雙方約好在113年11月17日晚上9點50分面交，我來到彰化市永樂街，將我的提款卡和密碼交給了對方。對方當場給了我1萬元現金，我當時甚至還覺得這筆交易相當順利，沒有任何問題。
然而，幾天後，我接到銀行的通知，告知我的銀行帳戶已被列為「警示帳戶」，所有交易功能都被凍結，原因是帳戶涉及不明的大額資金流動。我聯繫銀行客服後才知道，詐騙集團利用我的提款卡進行了非法操作，導致我的帳戶被調查。這時，我才驚覺自己竟然成了詐騙集團的工具，也因為自己的疏忽讓自己的銀行帳戶陷入困境。
我又氣又慌，趕緊帶著所有的交易紀錄和當天的面交細節前往派出所報案，將事情經過一五一十地告訴了警方，希望能盡快解決這個問題。這次的經歷讓我明白，借貸過程中，無論如何都不應將自己的銀行帳戶和提款卡交給任何人，否則不僅會受騙，還可能成為詐騙犯罪的共犯，後果不堪設想。",猜猜我是誰詐騙詐騙,猜猜我是誰
165681096514605067,2025-03-31T16:00:00Z,屏東縣,8,"2024年4月1日那天，正當我忙碌工作時，突然接到了一個電話。電話那頭的男子語氣焦急，聲音聽起來像是我的姪子。他告訴我，因為貨款不足，生意上遇到了一些困難，現在急需一筆錢來解決眼前的問題。他的聲音聽起來真切，情況也非常緊急。當時，我毫不懷疑，立即決定幫助他，便依照他提供的帳號匯款了100,000元。
然而，當我回到家後，心裡總覺得有些不對勁。於是，我立即聯繫了真正的姪子，才發現他根本沒有遇到什麼麻煩，根本就沒有要求我匯款。這一刻，我才恍若驚醒，原來自己深陷了詐騙陷阱。
我立刻感到懊悔與自責，為自己如此輕易地相信了一個陌生的電話，沒有多加核實便匯出了如此大一筆錢。這件事不僅讓我損失了100,000元，也讓我明白，當有人以急迫的語氣要求你匯款時，一定要冷靜下來，不要被情緒左右。無論情況多麼看似緊急，總是要多方核實，避免因衝動行事造成不必要的財務損失。這次經歷深刻提醒了我，在未經確定的情況下，絕不輕易轉帳，尤其是來自陌生人的電話和要求。",猜猜我是誰詐騙,猜猜我是誰
158045063883001880,2025-03-10T16:00:00Z,桃園市,3,我於114年03月11日12時48分接獲臉訊息，假冒其朋，稱要借款新台幣1萬元，請對方匯款至合作金庫帳戶，我信以為真在晚間20時41分前往7-11超商操作ATM轉帳新台幣1萬元至對方帳戶，後致電向對方前夫查證，方知遭詐，共損失新台幣1萬元。,猜猜我是誰詐騙,猜猜我是誰
128023996334608408,2024-12-17T16:00:00Z,臺中市,4,"12月16日，我在家裡用手機瀏覽 Facebook 社團時，看到一篇文章，內容是用戶【王宸凱】張貼的貨櫃屋販售廣告。文章裡描述得非常詳細，貨櫃屋看起來新穎又便宜，價格讓人心動。我覺得這可能是個不錯的機會，就主動聯繫了對方。

在聊天中，對方態度熱情，並聲稱這款貨櫃屋供不應求，為了確保我能優先購買，他要求我先支付一筆訂金。他解釋說這是為了避免其他買家搶走，我當時完全沒起疑，覺得這樣的要求很合理。

於是，我在12月17日晚上，依照他的指示，支付了18,000元訂金，匯款完成後，我和對方約定在12月18日下午1點於台中市新社區協中街23號進行面交。當時心裡滿懷期待，覺得即將完成一筆划算的交易。

然而，到了約定的時間和地點，我等了很久卻始終不見對方的身影。起初我以為對方只是遲到，但隨著時間推移，我嘗試聯繫他時，卻發現他已經將我封鎖了。這時，我才驚覺自己可能遇到了詐騙。

損失了18,000元，這次的經歷讓我既懊悔又氣憤。對方利用低價商品吸引我的注意，再用支付訂金的理由讓我降低防備，成功設下陷阱。

這次教訓讓我明白，任何交易涉及提前支付款項時，都需要提高警覺，尤其是對於網路上的陌生賣家，一定要先確認對方的真實性，並採取安全的交易方式。希望我的案例能提醒大家，小心應對網路交易，避免重蹈覆轍！",網路購物詐騙,網路購物
144968086045331472,2025-02-02T16:00:00Z,臺北市,1,"那天，我正沉浸在追尋夢寐以求的泡泡瑪特公仔的喜悅中。在臉書的社團裡，一個名為「王芷希」的賣家，貼出了我朝思暮想的Molly公仔照片，價格也合理。身為一個演藝藝術專業人員，平時工作忙碌，能找到一個看起來可靠的賣家，讓我鬆了一口氣。

我們在臉書上私訊聯繫，談妥了3500元的價格。我按照她的指示，透過玉山銀行網路轉帳匯款。匯款完成後，我迫不及待地將轉帳成功的截圖傳給她，興奮地等待著我的Molly到來。她說會在二月三日寄出。

然而，二月三日到了，卻沒有任何消息。我焦急地詢問她，但她卻已讀不回，我的訊息石沉大海。我要求她提供出貨證明、寄貨照片，任何能證明她已寄出的證據，但得到的只有沉默。

那一刻，我的心像掉進了冰窖，從頭到腳都感到冰冷刺骨。3500元，對我來說不算少，那是多少個加班換來的血汗錢啊！更令人難過的是，那不是單純的錢，而是我對喜愛的公仔的渴望，那份期待與興奮，如今都化為泡影，換來的是徹骨的寒意與深深的悔恨。我怎麼會如此輕信？我怎麼會沒能及時察覺這一切的異樣？這一切，都如同狠狠地甩了我一巴掌，既可恨又可悲。現在，我只能報案，期盼能找回我的錢，更希望這段慘痛的經歷能提醒其他人，網路交易務必提高警覺，別再重蹈我的覆轍。",網路購物詐騙,網路購物
170083230488203280,2025-04-12T16:00:00Z,新北市,2,"月初，我在網路上看到有人在賣可愛的娃娃，我一時心動就私訊對方。雙方在網路上上聊了幾句，我就照著對方說的，匯了錢到他提供的帳戶。
結果錢一匯過去，人就像消失一樣，再也找不到對方，我才驚覺——這根本就是場詐騙！",網路購物詐騙,網路購物
145407564417339399,2025-02-03T16:00:00Z,宜蘭縣,17,"去年4月，我在某業者的官網上看到一款寵物餵食機，標榜智能控制、遠端餵食，感覺超級實用。當時它的售價是9990元，雖然價格不低，但我心想這麼高科技的產品，應該物超所值吧！於是毫不猶豫下單，並直接轉帳付款。
根據訂單資訊，商品原定5月出貨，但時間到了卻遲遲不見蹤影。我主動聯繫賣家，對方每次都用各種理由拖延，說什麼供應鏈問題、物流延遲，甚至還假裝安撫我：「下個月一定會到貨，請耐心等候！」於是我選擇相信，繼續等待。
結果一等就是大半年，直到今年1月，我終於受不了了，直接要求退款。沒想到對方更誇張，竟然要我簽署退款同意書，但文件內容卻完全沒有明確的退款日期，感覺就是要無限期拖延！這時候，我開始覺得事情不太對勁。
抱著懷疑的心情，我開始在網路上搜尋相關資訊，結果竟然在臉書社團以及Dcard文章中，發現這根本是一場精心策劃的騙局！原來，早就有許多受害者和我一樣，花了大筆錢卻遲遲等不到商品，更別提退款了！
這時，我才徹底明白自己被騙了，9990元的餵食機根本只是個「不存在的商品」，最後我決定報警處理，希望能讓更多人看到這個騙局，別再上當！",網路購物詐騙,網路購物
165729431074115585,2025-03-31T16:00:00Z,花蓮縣,18,我114年03月在【臉書MARKET PLACE】購買【PS5光碟版主機1218A台灣公司貨加遊戲把手】，我與暱稱(Lin Hong)之人利用【臉書訊息】聯繫交易細節，我於13日匯款至【對方帳戶:824-1110022*****】，之後對方拖延出貨，並謊稱已出貨，但我遲未收到商品，才驚覺遭詐騙。,網路購物詐騙,網路購物
124330105232166919,2024-12-07T16:00:00Z,苗栗縣,11,12月5日，我在臉書的「銀河特攻隊玩家交易買賣」社團想賣一個遊戲帳號。對方發了一個看似正規的交易平台連結給我，還說所有交易都在平台上完成。於是我先後匯了10000元、8001元和10001元到對方的帳戶。後來越想越不對，才驚覺這是一場詐騙！,網路購物詐騙,網路購物
122209456850210841,2024-12-01T16:00:00Z,臺中市,4,"11月2日，我在臉書的一個社團【周杰倫嘉年華世界巡迴演唱會@台北大巨蛋_讓票、換票、求票】上，看到一篇賣票的貼文。貼文的發佈者名叫 Achung Feng，當時心想這可能是我追求已久的演唱會門票機會！抱著興奮的心情，我立即私訊對方表達購買意願，對方看起來十分熱心且專業，還提供了他的LINE ID：tm33399，方便進一步聯繫。
加了LINE之後，對方自稱叫【KTsleepy咪咪】，還給我傳了門票的照片以及購買證明，讓我完全放下心防。對方解釋說，票務非常搶手，必須先付款才能保留票務名額。我當時為了不錯過，毫不猶豫地同意了。
到了12月2日晚上9點52分，我按照對方的指示，匯款了 30000元 到對方提供的帳戶（009-83005010707300）。為了讓對方確認，我還特意把匯款完成的截圖傳給他。對方隨後回應說，等待30分鐘後會將取票序號發給我。
可是，30分鐘過去了，對方沒有任何消息。我再次發訊息，結果發現對方已經封鎖了我的LINE，臉書帳號也無法找到。我這才意識到，自己被騙了！
這次損失的金額雖然讓人痛心，但更令人懊悔的是，我在交易過程中太過輕信對方的話，沒有仔細查證對方的背景。事後，我趕緊到派出所報案，希望藉由自己的經歷提醒更多人，不要輕易相信網路上的交易，尤其是在事關巨額金額的情況下，更應該提高警惕，避免成為詐騙的下一個受害者。",網路購物詐騙,網路購物
161375412889325655,2025-03-19T16:00:00Z,新北市,2,我於114年03月使用通訊軟體社群軟體時，有一人追蹤並私訊聊天交友，後來說用通訊軟體聊天，聊天內容大約都是一些生活瑣事，要求跟他見面吃飯，說他有經紀公司，他的經理稱要見面的話需要保證金，支付的方式是去超商購買點數卡，不疑有他就去各大超商購買很多不同面額的點數卡並拍照序號、密碼對方，拍給他們之後又稱需要其他風險金，並且要去信貸，我就去網路上線上申請信貸，但覺得不對勁去派出所詢問，警察才說這是詐騙。,色情應召詐財詐騙,色情應召詐財
140313564937195531,2025-01-20T16:00:00Z,新竹縣,10,"那段時間我常在臉書上滑動消息，某天有個陌生人主動加我好友，還熱情地搭話。對方言談幽默風趣，讓我覺得很投緣，短時間內就有了信任感。沒多久，他提出要加我的 LINE，方便私下聊天。我一時沒有多想，便答應了。

我們聊了幾天，他說想認識我更多，於是提議約出來見面。剛開始我還有些猶豫，但對方表現得很誠懇，還說要準備一份見面禮給我。就在我慢慢放下戒心時，他提出了一個要求，說是見面前需要我支付「保證金」，以示誠意。他說這是他交友的原則，還叫我不用擔心，事後會把錢還我。

當時覺得不太合理，但他不斷說服，還說只需要購買 App Store 點數，拍照發給他就行。我心裡掙扎了一會兒，為了不讓對方覺得我不夠真誠，還是買了點數並傳了照片給他。然而，剛發過去，他就開始變了臉。

對方突然傳來恐嚇性訊息，聲稱如果不繼續購買更多點數並提供密碼，他就會將我的私人訊息和照片曝光。我一下子慌了，根本不知道該怎麼辦，只好繼續按照他的要求購買點數。但隨著金額越來越多，我終於忍不住告訴了家人。

家人發現後，立刻提醒我這是一場詐騙，並陪我一起去報案。回想整個過程，我既羞愧又後悔，當初如果能多一些警覺，或許就不會被對方的話術所迷惑。現在，只希望藉由這次經歷提醒更多人，不要輕易相信陌生人，更不要在未確認對方身份的情況下進行金錢交易。",色情應召詐財詐騙,色情應召詐財
124741605620977664,2024-12-08T16:00:00Z,彰化縣,7,"我在12月7日的時候，突然收到一個社群軟體「X」上的私訊，訊息來自一個自稱「欣欣」的人。對方語氣輕鬆，說她想找人約會，並且提到如果我能夠幫她購買一些點數，就能獲得一些特殊服務。當時的我並沒有太多防備，覺得這應該不會有問題，畢竟也只是買些點數而已。於是，對方要求我先拍下我的身分證正反面，還有銀行帳戶的照片傳給她，我想著反正只是證明身份而已，也就照做了。
接下來，她指示我前往附近的超商，去購買遊戲點數卡。我照著對方的要求，買了一張又一張，並將每張卡的號碼和密碼拍照發送給她。當時我還覺得沒什麼不對勁，對方似乎總是能提供一些讓我相信的理由。直到我在家向家人借錢時，家人聽了我的描述後，立刻警覺到這可能是詐騙。原來，這一切從頭到尾都是一場精心設計的詐騙。
當我回過神來，發現自己已經損失了高達37萬元，這才明白自己上當了。這一切來得太快，對方利用了我當時的好奇心和不疑的心態，讓我一步步陷入了她設下的陷阱。如今，只能後悔自己沒有早點識破，這筆錢我再也無法追回，真的是痛心疾首。我希望能夠透過這個經歷提醒大家，小心這種利用情感和特殊服務做為誘餌的詐騙手法，不要再讓別人像我一樣上當。",色情應召詐財詐騙,色情應召詐財
162458226623778831,2025-03-22T16:00:00Z,高雄市,6,我在交友軟體（BUMBLE）認識網友（亦琛），後續對方提供QRCODE給我加LINE，對方詢問【相約見面】，雙方談妥後，對方稱【約見面需確認身分、繳交保證金回報經理等為由】，要求購買點數並回傳照片。我遂於【114年03月23日20時16分】依對方指示購買遊戲【APP STORE點數】交付後，對方提供LINE連結https://line.me/ti/p/C2H6GK5An3，對方自稱竹聯幫（幫派名稱）恐嚇，要求我以【購買遊戲點數】等方式交付款項，我不堪負荷，驚覺受騙，計損失新臺幣【5萬元】,色情應召詐財詐騙,色情應召詐財
165659381487112193,2025-03-31T16:00:00Z,桃園市,3,"那天是114年3月29日下午，我在學校用手機刷探探交友APP，沒想到一個男子突然加我好友，問我要不要認識認識。他看起來挺正經的，於是我加了對方的LINE，暱稱叫「李嘉誠」（ID不詳），我們開始在LINE上聊得火熱。沒過多久，另一個叫「竹桿-張悅杕」的號碼加我，還打來LINE電話，說是「李嘉誠」的叔叔，聲稱要跟我交友得先傳身分證和健保卡照片給他們認證。我一開始有點猶豫，但對方態度強硬，還傳來砍人的影片威脅我，說不照做就去我家找麻煩。我心裡害怕極了，覺得反抗不得，於是照做了。
3月31日下午5點多，我硬著頭皮跑去7-11買了3張共13000元的App Store遊戲點數，拍照傳給他們，沒想到對方還不滿足，又要我買2張共7000元的點數。我當時以為這是什麼身份認證的流程，滿腦子只想快點結束這場噩夢。結果，當我傳完照片後，對方直接消失了！家人發現我怪怪的，問了才知道我遇到了詐騙。我整個人崩潰，20,000元就這樣沒了，現在回想那威脅的影片，我才明白自己被一步步逼進陷阱，真希望大家別像我一樣輕信別人。",色情應召詐財詐騙,色情應召詐財
147603160544841766,2025-02-09T16:00:00Z,新北市,2,我是個普通的上班族，平時喜歡在Facebook上瀏覽各種貼文。某天，我無意間看到了一個美女帳號「李多慧」，點進去後發現她的照片相當吸引人，感覺是一位高顏值的網紅。我鬼使神差地加了她好友，沒想到她真的回覆我了，還和我開始聊天。她的態度非常親切，對話間還帶點曖昧，讓我有種受寵若驚的感覺。聊了一陣子後，她突然說自己平常行程很滿，但如果想見面的話，需要和經紀團隊協調一下。我當時心想：「天啊，難道這真的是個機會？」於是興奮地答應了。接著，她請我加她的Skype，說這樣比較方便聯繫。我加了之後，她告訴我，想約見面必須先提供「誠意金」，這樣經紀團隊才會安排。我有點猶豫，但她語氣溫柔地說：「這是標準流程，不然很多人只是口頭約，最後都放鳥。」聽起來好像很合理，再加上她傳來一些甜言蜜語，我便放下戒心，依照指示匯款了第一筆錢。沒想到，錢匯過去後，她的「經紀團隊」又來了，說還有額外的「手續費」、「保證金」等等。我心想既然已經匯了一筆，總不能就這樣半途而廢吧？於是又陸續匯了幾次。對方的理由一個接一個，讓我根本沒時間懷疑，直到存款所剩無幾，對方卻仍然催促我再匯款時，我才開始覺得不對勁。我試著要求見面，但對方總是用各種理由推託，甚至開始已讀不回。這時我才徹底清醒，意識到自己掉進了一場精心設計的騙局。當我試圖聯繫她時，她的帳號已經無法找到，而Skype上的「經紀團隊」也不再回應。最後，我損失了整整38萬元，只換來一場虛幻的夢。這次的經歷讓我徹底明白，網路上的「天降艷遇」通常都是騙局，所謂的「見面費」根本只是誘騙你匯款的藉口。希望大家引以為戒，千萬別像我一樣，為了一場虛假的約會，付出慘痛的代價！,色情應召詐財詐騙,色情應召詐財
150556853565132816,2025-01-14T16:00:00Z,新北市,2,"因為一時好奇，我在推特上看到一個名為「永和按摩 永和約砲」的帳號，主頁內容寫著「新人萌萌可愛萌辣個人工作室完整服務」，還附上了一個LINE ID：AIKU10。我抱著試試看的心態，於1月14日晚上10點，加了對方的LINE帳號，並開始與一位自稱「芸芸」的人聯繫。對方表示兩小時的服務價格是3000元，可以進行兩次性愛，並約我到新北市永和區OO路一段OO號。
到達地點後，芸芸要求我先用遊戲點數的方式支付服務費，還讓我把點數序號拍照發給她。我一開始購買了3000元的點數，拍照給她後，她又轉發了一個LINE帳號給我，說是她的主管「鐘登輝」。芸芸讓我直接與鐘登輝聯繫。
鐘登輝以需要確認我身份為由，要求我拍下身分證照片，還問我是做什麼工作的。他甚至讓我到提款機領出1000元，說這是為了確認我是不是警察。當我照做後，他又表示查不到我的身分，要求我支付保證金，金額從最初的3萬元一路加碼到8萬元。我當時已經覺得不對勁，但因為對方語氣威脅，加上我已經投入了一筆錢，抱著僥倖心理，先後支付了共計6萬3千元。
支付方式是購買遊戲點數，我一共購買了11組遊戲點數序號，每次購買後就把序號拍照發給對方。直到我已經完全沒錢可支付時，對方開始威脅我，我才意識到這是一場騙局，馬上到派出所報案。
回想起來，對方從一開始就以甜言蜜語降低我的戒心，再用各種藉口逐步提高金額，甚至以威脅方式逼迫我繼續付款。這次經歷讓我不僅損失了6萬3千元，還感到非常懊悔。希望大家以我的例子為戒，不要輕信網路上的不明帳號，更不要因為對方的威脅而妥協付款！",色情應召詐財詐騙,色情應召詐財
157384044034658354,2025-03-08T16:00:00Z,高雄市,6,我在114年3月9日13時41分因要販售新武俠大明星的遊戲帳號，但因為我是第一次交易遊戲帳號，對交易過程不太了解，後來對方請我到gamania(https;//makzx.miketong.net)遊戲交易平台網站做交易，但交易平台的客服跟我說我的帳號被凍結，需要付新台幣20000元才能做解凍，我當下很緊張，想說會不會被當成詐騙集團，所以就沒想太多的匯款到對方的郵局帳戶，但匯款之後對方又說還是沒有解凍成功，要再匯款新台幣80000元，我才發現我應該才是被詐騙的人，就到派出所報案了。,虛擬遊戲詐騙,虛擬遊戲
134521429898039298,2025-01-04T16:00:00Z,高雄市,6,那天，我在 LINE 社群「戰界：澤諾尼亞 玩家交流群」看到一名賣家，他的暱稱是「沉默咖啡鑽石商人」（LINE ID: @059jaryf）。他聲稱能以優惠價格出售遊戲內的鑽石，還保證交易快速、安全。因為價格吸引人，我主動聯繫了他。雙方透過 LINE 詳細討論交易內容後，他提供了一個郵局帳戶，要求我先付款再交付鑽石。當天下午 4 點 39 分，我透過網路轉帳將新台幣 5450 元匯入他指定的帳戶，並將轉帳完成的截圖傳給他。付款後，我滿心期待鑽石會立即送達，但等了許久卻不見對方有任何動作。我多次嘗試聯繫他，但他始終未回應，甚至直接封鎖了我。這時，我才驚覺自己掉入了騙局。這次事件讓我損失慘重，也提醒我，網路交易需格外小心，特別是面對無法核實身份的賣家時，切勿輕易轉帳。今後，我一定會選擇官方或可靠的平台進行交易，避免再度受到詐騙。,虛擬遊戲詐騙,虛擬遊戲
167463459972190215,2025-04-05T16:00:00Z,彰化縣,7,我的兒子在臉書上看到一名買家表示要買遊戲帳號，我們透過Messenger聯繫了交易細節。對方提供了一個網站連結，讓我兒子進行交易。於是，兒子在我們的溝通後，請我於某個日期將錢網路轉帳至對方指定的帳戶。我們共匯款了三筆金額，隨著交易的進行，對方不斷用各種術語要求我們再匯款。起初，我並沒有太多的懷疑，但漸漸地，我開始感覺到事情不對勁。當我仔細查看這些要求後，才驚覺自己可能已經受騙，最終損失了新臺幣38016元。這讓我感到十分痛心，也對網路交易的安全性有了更深刻的認識。希望我的經歷能夠提醒其他人小心網路上的詐騙行為，保持警覺，不要輕易相信不明來源的交易。,虛擬遊戲詐騙,虛擬遊戲
150821431364554789,2025-02-18T16:00:00Z,高雄市,6,我於【114年2月18日】在遊玩手機遊戲【香蕉缺個芭樂】時，一名網友【遊戲暱稱:扁平的橘葉oJ】要購買我的遊戲帳號，雙方透過LINE聯繫交易細節後，對方提供假遊戲交易網站，我填寫資料申辦帳號後，歹徒稱其因該網頁資金被凍結無法操作，令我改購買MYCARD點數，後向我索取MYCARD帳號密碼，後使用我之MYCARD帳號將以購買之點數轉儲值至歹徒的帳號，我查覺到後驚覺受騙，計損失新臺幣【5000元】。,虛擬遊戲詐騙,虛擬遊戲
160261711369080849,2025-03-16T16:00:00Z,彰化縣,7,在114年2月中旬，我在家中使用遊戲時發現自己的八個遊戲帳號全都被鎖定了。這些帳號是我和朋友約定定期付費使用的，然而這次卻出現了所謂的付費異常，這讓我感到非常困惑和沮喪。我一直以來都非常重視遊戲的進展和我的投入，這些帳號裡也有不少我花了時間和金錢所獲得的裝備，總價值約新臺幣2萬4000元。當我發現帳號被鎖定的時候，心中充滿了焦慮，因為那裡面有我珍貴的資產和重要的遊戲進度。我立刻開始尋找解決方法，但隨著時間的推移，我仍然無法得知具體的鎖定原因，也無法立即恢復我的帳號。這次的經歷讓我意識到在遊戲中管理帳號安全的重要性，也提醒自己在未來要更加小心處理與支付相關的問題。希望能早日解決這個問題，重新回到遊戲中。,虛擬遊戲詐騙,虛擬遊戲
122929305431838724,2024-12-03T16:00:00Z,高雄市,6,我於【113年12月1日】在【臉書社團（名稱:IdentityV｜第五人格國際交易社）】透過管理員刊登販賣遊戲帳號資訊，一名買家【臉書暱稱:Wen Wen 】向我提出購買需求，我們便透過【Messenger】聯繫交易細節後，對方以騙取第三者轉帳新臺幣6000元至我帳戶，藉以交易帳號資訊後更改綁定獲得所有權，俟第三者受騙報案後，致我名下金融帳戶遭到警示，我才驚覺受騙並提出告訴。,虛擬遊戲詐騙,虛擬遊戲
147211612019757062,2025-02-08T16:00:00Z,臺中市,4,我於114年18時13分在臉書社團(第五人格交流區)上，有名暱稱為伊索卡爾之人詢問我是否可以請我代收遊戲四位數代碼，並要我提供電話給他，之後便有簡訊發送過來，我便將簡訊代碼(2366)傳送給對方，之後對方辯稱剛剛那筆過期了，於是又叫我傳新的代碼(9327)給他，後來對方稱不小心用到我的號碼儲值，叫我打給客服退款，後來我便覺得有異，故驚覺受騙。,虛擬遊戲詐騙,虛擬遊戲
154791390444785668,2025-03-01T16:00:00Z,新竹縣,10,"3月2日中午，我收到一封Gmail簡訊，通知我有 ETC欠款50元，需要繳費。我點進連結，輸入信用卡資料後，卻發現扣款變成 37,800元，接著網站又跳轉至另一個匯款頁面。我以為交易沒成功，正準備再試一次，銀行客服突然來電確認，這才驚覺中招！",釣魚簡訊(惡意連結)詐騙,釣魚簡訊
158434241787465742,2025-03-11T16:00:00Z,高雄市,6,"「載具更新？變成信用卡盜刷！」
  3 月 12 日下午 3 點 28 分，我收到一封來自louis59@telenet.be的E-MAIL，標題寫著「載具歸戶更新通知」，信中還附了一個網址【docs.google.com/drawings/d/1PkBk0EpfsuyZveOyPBE9dlmrPRSppO-6BlGgzUV8Lqg/preview】，聲稱點進去後可以完成財政部電子發票整合服務平台的載具更新。 看到這封信時，我沒多想，畢竟之前就聽說電子發票載具需要定期更新。我點開網址，畫面確實顯示財政部電子發票整合服務平台的 LOGO，看起來跟官方網站一模一樣。 我依照網站的指示，輸入了載具帳號登入，沒想到接著竟然跳出要求輸入信用卡資料的畫面，說是為了驗證身分。我猶豫了一下，但還是照著填上了信用卡卡號、到期日、驗證碼等資訊。 當天晚上 7 點 52 分，我手機收到一封信用卡簡訊驗證碼，內容顯示交易金額為沙烏地阿拉伯幣，但當時沒注意，直接輸入了驗證碼。 直到 7 點 58 分，手機又收到凱基銀行通知：信用卡已刷卡新台幣 26,370 元！我這才驚覺大事不妙，立刻打電話給銀行客服，請求停卡並申請爭議款項。 這次的經驗讓我學到，千萬不要輕信 E-MAIL 內的連結！即使畫面再像官方網站，也可能是詐騙網站！要查詢載具相關資訊，應該直接從官方網站登入，不要透過來路不明的連結！",釣魚簡訊(惡意連結)詐騙,釣魚簡訊
137763017071792152,2025-01-13T16:00:00Z,高雄市,6,我於【114年01月14日】收到【Shopee蝦皮購物】假冒【客服人員】名義之釣魚簡訊，訊息內容稱【賣場未申請開通3D實名認證協定】，並傳送連結惡意連結：【假冒元大銀行之惡意連結網址:http://line.me/ti/p/WU5rB2aaVx】要求完成實名認證恢復帳號權限，方可正常交易方式，我點入該簡訊提供之連結後，依其要求輸入其所有之【手機號碼、姓名與手機認證碼等】，手機【有】接收到訊息認證碼（OTP），並將訊息認證碼輸入驗證後，我的【元大銀行】帳戶就遭人【提款】新臺幣【144000萬】元，我發現可能遭詐騙，故至所報案。事後我有撥打icash pay 客服，該客服人員表示我匯款至第一銀行的該筆新台幣50000元，因為有問題故未出金，所以總損失金額為新台幣94000元。,釣魚簡訊(惡意連結)詐騙,釣魚簡訊
163192245896351788,2025-03-24T16:00:00Z,高雄市,6,"這次的經驗真的讓我驚出一身冷汗，現在回想起來，還是覺得自己怎麼會這麼大意……

事情發生在 3 月 24 日晚上，我突然收到一封 「遠東電收」 寄來的電子郵件，標題寫著「您的帳單尚未繳費，請儘速處理」，看起來就像一般的繳費提醒。我當下也沒多想，畢竟日常生活中常常會有這種繳費通知，所以就順手點開來看。

裡面還附了一個連結，叫我點進去查看未繳費用。當時心想：「啊？我有哪筆費用沒繳嗎？」於是就點了進去，連結打開後是一個看起來很正式的網頁，還有遠東電收的標誌，整個畫面跟真的繳費網站長得幾乎一模一樣，讓我完全沒懷疑。

接著，網站要求我輸入信用卡卡號，說要確認帳單。我當下還真的輸入了 兆豐銀行信用卡的卡號……然後，手機馬上收到一則 OTP（一次性密碼）簡訊，網站要求我輸入這組認證碼才能完成驗證。我當下完全沒意識到不對勁，照著指示輸入了 OTP，覺得應該就完成繳費了。

結果！過沒多久，我的信用卡竟然被盜刷了 28095 元！我一開始還沒發現，直到刷卡通知一直跳出來，我才驚覺不對勁，立刻去查信用卡明細，才發現這些交易根本不是我刷的！

這時候我才猛然清醒，意識到自己誤入了釣魚網站的陷阱——那封郵件根本不是遠東電收寄的，而是詐騙集團偽裝的！那個網頁也只是個假網站，專門騙取信用卡資訊和 OTP，讓詐騙集團可以直接盜刷我的卡。

這次真的讓我學到慘痛的教訓——以後再怎麼急，也絕對不會直接點郵件裡的連結！要繳費，一定要自己手動輸入官方網站網址，而且只要網站要求輸入信用卡卡號和 OTP，我一定會先三思，查證清楚再行動。不然，下次再被騙，損失可不只這麼一點點了……",釣魚簡訊(惡意連結)詐騙,釣魚簡訊
122931768641720332,2024-12-03T16:00:00Z,新北市,2,我收到假賣台電公司的催繳電費簡訊通知，並不疑有他點選繳費連結，輸入信用卡卡號後收到刷卡通知共消費90994元驚覺遭人詐騙。,釣魚簡訊(惡意連結)詐騙,釣魚簡訊
122212867045855241,2024-12-01T16:00:00Z,宜蘭縣,17,"12月1日那天，我的手機Google信箱收到一封交通違規繳款通知，標題看起來很正式，內容清楚列出了兩筆罰單，還提到到期日正好就是當天，讓我立刻緊張起來。心想平常開車偶爾會有違規，應該真的是自己的疏忽。

信件裡提供了一個連結，說可以進入監理服務網線上繳費。我點進去後，網頁界面做得非常像官方網站，甚至連檢查罰單資訊的功能都很完整。網頁還提示未繳的罰款需要在當天繳清，否則會有額外的滯納金。為了避免麻煩，我趕緊按照指示選擇了線上繳費，用我的國泰世華銀行信用卡完成了刷卡操作。

結果，就在我刷完卡的幾分鐘內，銀行的通知訊息跳出來了，顯示我剛剛完成了一筆金額為13,336元的交易！當時我愣住了，因為罰單的金額根本沒那麼多。我趕緊再回去查看那封信，這才開始察覺不對勁。連結的網址雖然看似官方，其實隱藏著詐騙陷阱。

意識到可能被盜刷後，我立刻聯繫銀行並報警處理。警方告訴我，這是一種利用釣魚郵件詐取金錢的手法。該網站偽裝成官方網頁，誘導受害者填寫卡號等信息，完成交易後便直接進行盜刷。

損失了13,336元，真的讓我後悔不已。這次經歷讓我明白，無論收到多麼急迫的通知，都應該仔細核對來源，尤其是點擊連結前，更要小心確認是否是官方網站！希望大家引以為戒，不要重蹈我的覆轍。",釣魚簡訊(惡意連結),釣魚簡訊
155176066690846748,2025-03-02T16:00:00Z,臺南市,5,我稱於114年3月3日10時11分許收到電子郵件(我信箱:maluikaka@gmail.com)來至htgrd@busftget.com來信表示有ETC費用未繳納新台幣50元費用，並於內容顯示「前往官方網站」可以進入連結，進入後有一上刷卡繳款頁面，於是輸入自身中國信託信用卡繳費，輸入完後，發現刷卡金額新台幣5萬0250元，驚覺遭詐騙，故至本所報案。,釣魚簡訊(惡意連結)詐騙,釣魚簡訊
168926086749491207,2025-04-09T16:00:00Z,屏東縣,8,"114年2月，我在Facebook上看到一個社團，看起來是專門提供資源或兼職機會的平台。我加入後，一位網友主動聯絡我，說有清潔工的工作機會，薪水穩定且福利不錯。我加了他的LINE，對方說為了完成聘僱程序，需要我寄出金融卡與存摺做「入職認證」，我半信半疑但還是照做了。接著他要我去超商ATM操作，將1萬8千元存入一個帳戶，說是保證金，未來會退還。直到幾天後，我發現網銀無法登入，詢問銀行才得知帳戶被警示列管，才意識到遭遇詐騙，損失金額為18000元。
防詐提醒：找工作若對方要求提供金融卡或匯款保證金，務必提高警覺，這是詐騙集團常用手法，切勿輕信來路不明的招募資訊！",騙取金融帳戶(卡片)詐騙,騙取金融帳戶
153367985967337482,2025-02-25T16:00:00Z,高雄市,6,我於114年2月初有加入多個高雄家庭代工的臉書社團，於2月17日接獲網友(Dewi Melati黃雨琳)訊息，對方稱在徵人做鋼化模家庭代工，並請我加LINE (ID 8052088)，對方暱稱夢玲媽媽，隨後對方以可以申請公司補助金及要購買代工材料等理由，要求我將金融卡寄出，因誤信而於【114年2月18日22時17分】以【超商寄送】方式交付金融卡片，後因對方均不回覆訊息，後續經詢問銀行發現帳戶遭警示，驚覺受騙，故至派出所報案。,騙取金融帳戶(卡片)詐騙,騙取金融帳戶
150621979731300369,2024-12-11T16:00:00Z,新北市,2,我大約於113年11月初在LINE上發現突然有人加我好友，對方說他是台灣人現在在中國大陸工作，然後對方就每天對我噓寒問暖閒聊，後對方於113年12月07日在LINE上傳訊息給我說他要投資買房子希望我可以提供金融卡給他讓他可以把錢匯進來，因為他說他媽媽以前都是這樣操作我才相信他，然後就傳了一個姓張的LINE好友給我，對方會教我如何操作，對方就要我把金融卡寄出，我於113年12月09日依照對方指示將我的金融卡寄出，然後在113年12月11日對方傳訊息問我我的金融卡密碼，對方說沒有密碼他不能匯錢，所以我就把我的密碼告訴對方，後來我的手機就收到銀行通知有匯款紀錄，於是我今(12)日就存摺帶去銀行補摺，但是在我補摺的時候發現錢已經被人領走了，我發現我的金融卡被詐騙當人頭戶洗錢後，我就打電話給銀行請銀行先幫我凍結然後到派出所報案。,騙取金融帳戶(卡片)詐騙,騙取金融帳戶
150238396550221840,2025-01-08T16:00:00Z,新北市,2,"事情開始於12月30日，那天我在抖音上看到一則廣告，說可以提供一種在家手工製作髮夾的工作，聽起來簡單又能賺錢。我心想，這對我來說是一個很好的機會，就決定試試看。
我加了對方的LINE，對方說會有老闆娘跟我聯繫。果然，暱稱為「張雅蔥」的老闆娘很快就加了我，還解釋了工作內容，看起來十分專業。她說製作髮夾需要一些材料，為了方便購買材料，她要求我把提款卡寄給她，並承諾會在買完材料後，把提款卡和材料一起寄回來。
當時，我完全沒想太多，就信以為真，於當天下午5點47分用超商寄送的方式把我的提款卡寄了過去。過了一會兒，她又聯絡我，要我提供提款卡的密碼，還傳了一些其他人也提供提款卡和密碼的照片，說這樣才能順利購買材料。看到這些「證據」，我一時放下戒心，把密碼也告訴了她。
直到我家人要用這張帳戶提取金錢時，發現帳戶已經被警示，這才讓我驚覺有異。報案後，我才明白自己被捲入了一場騙局，對方用工作名義設局，實際上是為了非法取得我的提款卡和密碼。所幸，這次雖然沒發生金錢損失，但這種經歷讓我受到了極大的驚嚇，也警覺到詐騙的手段真的是無孔不入。
這次的教訓讓我明白，任何情況下都不要輕易將提款卡或密碼交給他人，無論對方怎麼包裝理由，都要保持警惕。希望大家以我的經歷為戒，特別是在網路上接觸陌生人時，一定要謹慎，不要讓自己落入這樣的陷阱！",騙取金融帳戶(卡片)詐騙,騙取金融帳戶
163140294068408322,2025-03-24T16:00:00Z,基隆市,15,今天我突然接到銀行的通知，說我的帳戶被警示，還請我到警局報案處理。我整個愣住了，因為我明明什麼都沒做，也從來沒把帳戶或提款卡交給任何人使用。後來警方幫我查了一下，發現這筆被警示的款項竟然是民國110年匯入的，跟一個165案號有關。我心想，這會不會是搞錯了？再仔細回想，當時我確實有借一筆現金給我的鄰居小高，他後來是用匯款的方式把錢還給我，我們也沒簽什麼借據，就純粹是左鄰右舍的互相幫忙。我馬上跟警方說明這段過程，也強調我從未提供帳戶或提款卡給任何人操作。雖然最後證明我跟這起案件無關，但這次真的讓我嚇出一身冷汗，也讓我深刻意識到現在詐騙手法無所不在，連正常的金錢往來都有可能被誤會成有問題。真的要提醒大家，無論借錢還錢都盡量留下紀錄，保護自己，也避免未來捲入不必要的麻煩。,騙取金融帳戶(卡片)詐騙,騙取金融帳戶
124716396939579394,2024-12-08T16:00:00Z,南投縣,13,我在LINE群組裡認識一位用戶(名為：暄(婷婷媽媽))，向該網友詢問網路小助手之相關工作，對方向我宣稱配合註冊MAX、MAICOIN完成，當天可領新臺幣5000元，試用期一個月領5萬元以上，每個禮拜領最低抽佣5000元，我已提供個身分證照片，對方幫我申請遠東銀行帳戶(不知帳號)以及電子錢包MAX、MAICOIN註冊，對方請我下載MAX、MAICOIN的APP，並由對方提供電子錢包帳號密碼讓我登入使用，我再於今年12月9日許前往遠東銀行辦理對方要求綁定之約定帳戶，還在銀行辦理綁定時警方就到場關懷，才得知我遇到詐騙集團，再離開銀行前就向銀行申請註銷遠東的個人帳戶。,騙取金融帳戶(卡片)詐騙,騙取金融帳戶
168930761049640962,2025-04-09T16:00:00Z,苗栗縣,11,今年三月底，我在滑網頁時看到一則廣告，不小心就點進去了。對方加我 LINE，叫 Aurora，說只要把卡片寄出，就能領利潤，聽起來很簡單，我就信了。結果我還真的在4月1日傍晚，用超商交貨便把我的郵局金融卡寄了出去。當下還覺得自己快要發財了，直到幾個小時後突然有點不對勁，我跑去郵局詢問，才知道我的帳戶已經被警示了！當下臉都綠了，才知道我被騙了，連金融卡都沒了。,騙取金融帳戶(卡片)詐騙,騙取金融帳戶
